trade_number,symbol,entry_time,exit_time,entry_price,exit_price,initial_stop,final_stop,initial_quantity,partial_quantity,entry_notional,account_risk_percent,setup_score,entry_reward_risk,route,buy_fee,sell_fees,partial_profit_taken,profit,profit_percent,exit_reason,cash_after_trade,total_fees,hold_hours,period,month,feature_time,close,EMA20,EMA50,EMA200,RSI14,ADX14,ATR14,VOLUME_RATIO,MOMENTUM_24H,MOMENTUM_72H,EMA50_SLOPE_12H,daily_close,daily_ema20,daily_ema50,daily_momentum_20d,daily_ema20_slope_3d,daily_macro_bull,daily_recovery,hourly_stack,ema20_extension_percent,ema200_distance_percent,momentum_confirmed,trend_quality,strict_macro_trend,winner
1,SOLUSDT,2025-08-07 08:00:00,2025-08-07 14:30:00,170.074995,170.24494244,168.57503123,170.33010749,14.69939776,3.67484944,2500.0,0.2205,100.0,2.2073,ADAPTIVE_BREAKOUT,2.5,2.51257986,True,7.5672838,0.3024,STOP LOSS,10007.5672838,5.012579860000001,6.5,DEVELOPMENT,2025-08,2025-08-07 08:00:00,169.99,167.58779096189247,166.45171343811634,169.00712057205632,65.06299188760607,20.908958188249798,1.4149687719093478,1.2034700715693665,3.494672754946726,4.269152916641117,0.6370972883463777,168.4,172.224896262671,170.4227457323423,-4.04011624593994,-1.0080948237322196,False,False,False,1.4334033668680422,0.5815609570867961,True,False,False,True
2,LINKUSDT,2025-08-10 09:00:00,2025-08-10 14:00:00,22.05102,21.24919289,21.25982281,21.25982281,37.94591549,0.0,836.74614133,0.3,100.0,2.115,IGNITION,0.83674614,0.80632008,False,-32.06912979,-3.8288,STOP LOSS,9975.49815401,1.6430662200000001,5.0,DEVELOPMENT,2025-08,2025-08-10 09:00:00,22.03,21.587203919679418,20.679129852022978,18.556214037892783,59.60505576086629,64.77061603495139,0.5036632515764721,1.4299930363680633,6.117533718689794,30.89720736779562,3.6220398444901436,21.61,17.872310789076998,17.17795565585847,11.910926980838955,4.54587857711799,True,True,True,2.0511970052634743,18.72033786101821,True,True,True,False
3,SOLUSDT,2025-08-10 22:00:00,2025-08-11 01:00:00,183.59175,181.47252897,181.56331063,181.56331063,13.58380504,0.0,2493.8745385,0.2762,100.0,2.2295,ADAPTIVE_BREAKOUT,2.49387454,2.46508745,False,-33.74604727,-1.3518,STOP LOSS,9941.75210674,4.958961990000001,3.0,DEVELOPMENT,2025-08,2025-08-10 22:00:00,183.49,181.69644049807872,180.20580101098585,174.69345213457365,58.728897958164666,18.169445950072678,1.9266893728111611,1.237906309900972,1.241447804016782,5.721364369670434,0.4676180002534336,180.15,173.66878128341006,171.24471607951952,-0.19390581717451116,0.8383718336151036,False,False,True,0.987118678277167,5.0354193348071306,True,False,False,False
4,LINKUSDT,2025-08-13 09:00:00,2025-08-13 12:15:00,23.51175,23.53524412,23.08840765,23.54701763,70.45186028,17.61296507,1656.446526,0.3,95.0,2.1112,IGNITION,1.65644653,1.67238605,True,12.6106866,0.7605,STOP LOSS,9954.36279334,3.3288325800000003,3.25,DEVELOPMENT,2025-08,2025-08-13 09:00:00,23.5,23.379926620799274,22.674139896495547,20.51756222464338,54.934005532114355,38.175460204708116,0.45732483690208287,0.513333207946957,9.455053563111315,6.672719019518825,2.895489635362347,23.36,19.00127196871603,17.745647638963092,28.42221000549752,6.316817075098191,True,True,True,0.5135746623511888,14.536024030059727,True,False,True,True
5,SOLUSDT,2025-09-08 10:00:00,2025-09-09 02:15:00,210.975435,212.54869072,208.5451594,212.65501823,9.21595736,2.30398934,1944.34061243,0.225,100.0,2.2525,ADAPTIVE_BREAKOUT,1.94434061,1.96616492,True,17.91380394,0.9204,STOP LOSS,9972.27659728,3.91050553,16.25,DEVELOPMENT,2025-09,2025-09-08 10:00:00,210.87,206.55937531810542,204.96959370342972,204.11258900386804,72.96209934852988,34.74388972074939,1.5580676645950997,1.7551243538699035,3.784821340683142,2.423741985622696,0.8439726905384859,207.1,199.82809411932556,190.03590202936238,12.43824311851891,0.7326603986633318,True,True,True,2.0868695382410674,3.310629211608261,True,True,True,True
6,LINKUSDT,2025-09-09 04:00:00,2025-09-09 14:45:00,23.19159,23.22650049,22.8103434,23.23811955,58.85330464,0.0,1364.90171135,0.225,95.0,2.1027,IGNITION,1.36490171,1.36695631,False,-0.67726022,-0.0496,STOP LOSS,9971.59933706,2.7318580199999998,10.75,DEVELOPMENT,2025-09,2025-09-09 04:00:00,23.18,22.964471438777604,22.743080858632617,22.901294088953357,57.83723290595377,30.197339773718213,0.2371200609965304,0.515417522187418,2.566371681415913,3.482142857142856,0.8613940717364432,23.06,23.14561215279183,21.72759261255777,-3.393380812735658,-0.7783200191904815,False,False,False,0.9385304678010397,1.2169876076176815,True,False,False,False
7,SOLUSDT,2025-09-11 11:00:00,2025-09-11 12:45:00,225.85287,226.896495,223.94604518,226.1916493,11.03771599,0.0,2492.89983426,0.2111,100.0,2.2166,ADAPTIVE_BREAKOUT,2.49289983,2.50441907,False,6.52191744,0.2614,MARKET SEVERE SHOCK,9978.1212545,4.9973189,1.75,DEVELOPMENT,2025-09,2025-09-11 11:00:00,225.75,223.25867259295185,220.4949653410827,212.05269701213285,62.84402589865022,23.61071348692933,1.8039548247680195,1.1708860279551623,2.5716752237720852,4.892667967660991,0.9720539982799536,224.49,204.83326180374192,193.30338842415404,23.488640739314604,2.5047367370814033,True,True,True,1.1158927794891835,6.45938636049672,True,True,True,True
8,SOLUSDT,2025-09-18 17:00:00,2025-09-18 18:15:00,249.94491,250.19466745,247.55472337,250.31982737,9.98032052,0.0,2494.53031363,0.2391,100.0,2.2365,ADAPTIVE_BREAKOUT,2.49453031,2.49702297,False,-2.49889387,-0.1001,STOP LOSS,9975.62236063,4.99155328,1.25,DEVELOPMENT,2025-09,2025-09-18 17:00:00,249.83,245.1347890612424,241.6455383767883,234.62780049501086,74.1858363255422,30.323598954150093,2.2752766340293507,1.5201273794589514,6.733028581193667,7.96922943947449,1.3006511441040258,244.89,222.13464433192073,204.43826217023718,14.317057230884123,2.778571208256375,True,True,True,1.9153588753102684,6.479283133932125,True,True,True,False
9,LINKUSDT,2025-09-19 05:00:00,2025-09-19 07:15:00,24.67233,24.35764448,24.3698294,24.3698294,74.1986964,0.0,1830.65472323,0.225,100.0,2.0696,IGNITION,1.83065472,1.80730547,False,-26.98721529,-1.4727,STOP LOSS,9948.63514534,3.6379601900000003,2.25,DEVELOPMENT,2025-09,2025-09-19 05:00:00,24.66,24.46700079223361,24.129800840163664,23.881076598938836,60.63417437061704,29.31287375701784,0.25085300877689987,1.7211933870278897,2.4086378737541603,5.610278372591004,1.2840379618360265,24.67,23.796605104290826,22.52821779975273,5.337318531169943,0.5357118686697415,True,True,True,0.7888143275315278,3.261676239067779,True,True,True,False
10,SOLUSDT,2025-09-29 21:00:00,2025-09-30 00:30:00,214.517205,212.03948403,212.14555681,212.14555681,9.43834299,0.0,2024.68695725,0.225,100.0,2.2606,ADAPTIVE_BREAKOUT,2.02468696,2.00130138,False,-27.41156868,-1.3525,STOP LOSS,9921.22357667,4.02598834,3.5,DEVELOPMENT,2025-09,2025-09-29 21:00:00,214.42,209.476089397539,206.9328169806331,210.9894001170705,66.3660029972593,23.280834622675115,2.2574053196581594,0.9863048153008902,3.6746929697321296,7.231446289257848,0.8972273907815076,209.54,217.8201692070802,209.37455547812905,-2.3988075830266964,-1.8852904326398967,False,False,False,2.3601312286666505,1.6259584040837982,True,False,False,False
11,SOLUSDT,2025-10-01 13:00:00,2025-10-03 02:00:00,218.619255,230.61808518,216.03771298,230.73345191,11.34532223,2.83633056,2480.30589417,0.2952,100.0,2.2429,ADAPTIVE_BREAKOUT,2.48030589,2.59673069,True,111.34776224,4.4848,STOP LOSS,10032.57133891,5.07703658,37.0,DEVELOPMENT,2025-10,2025-10-01 13:00:00,218.5,212.07501645614371,209.88301145910387,210.69540236728542,68.3230936941797,20.476541992225993,2.462287018547829,1.4180740747770306,5.97022164023473,10.114398024492255,0.9051862284900736,208.06,216.52526322847154,209.48145624874581,-7.318811528353164,-0.9906649789404032,False,False,False,3.029580594272851,3.704208798590468,True,False,False,True
12,SOLUSDT,2025-10-03 16:00:00,2025-10-03 17:15:00,234.907395,232.08468831,232.20078871,232.20078871,10.67715571,0.0,2508.14283473,0.2881,100.0,2.2525,ADAPTIVE_BREAKOUT,2.50814283,2.47800436,False,-35.124626,-1.399,STOP LOSS,9997.44671291,4.9861471900000005,1.25,DEVELOPMENT,2025-10,2025-10-03 16:00:00,234.79,230.63311572921828,226.53844975810574,217.34263863038166,66.03356819512398,25.562098183177767,2.5892112907848506,1.765267619648914,3.349766704815549,13.975728155339805,1.223525001441228,233.13,218.36988667908895,210.78934119693918,-3.329739591972136,0.4385793152108297,False,False,True,1.802379618225438,8.027583303288113,True,True,False,False
13,SOLUSDT,2025-10-26 10:00:00,2025-10-27 08:30:00,196.05798,199.97283096,194.09332838,200.07286739,11.44948799,2.862372,2244.76348791,0.225,100.0,2.2304,ADAPTIVE_BREAKOUT,2.24476349,2.28934168,True,40.04408268,1.7821,STOP LOSS,10037.49079558,4.53410517,22.5,DEVELOPMENT,2025-10,2025-10-26 10:00:00,195.96,193.7196802728428,192.8139785541049,191.16949000092023,64.96083864094905,15.745387466760537,1.1611193624019278,3.303964154105964,1.755114757503362,4.018259992568618,0.3077195881705519,194.51,196.8383205546349,203.34218518380717,-14.808163980378419,-0.6704506356697504,False,False,True,1.1564750282479588,2.5058967302035033,True,False,False,True
14,SOLUSDT,2025-10-28 09:00:00,2025-10-28 10:15:00,203.52171,201.30059064,201.40129129,201.40129129,10.65089369,0.0,2167.68809661,0.225,100.0,2.2369,ADAPTIVE_BREAKOUT,2.1676881,2.14403119,False,-27.96862545,-1.289,STOP LOSS,10009.52217014,4.31171929,1.25,DEVELOPMENT,2025-10,2025-10-28 09:00:00,203.42,200.77484449689797,199.48489948677883,194.68295228119192,60.524714781323915,16.03655834544749,2.0187087131696506,1.1760571124834367,1.471541876589999,4.392897464846546,0.3471177330631736,198.3,197.267196644497,203.0260617556021,-10.872398759494805,0.09325478920525487,False,False,True,1.3174735658395125,4.4878339969843095,True,False,False,False
15,SOLUSDT,2025-12-08 10:00:00,2025-12-08 15:15:00,138.20907,135.94529201,136.01329866,136.01329866,10.25672596,0.0,1417.57255553,0.225,100.0,2.293,ADAPTIVE_BREAKOUT,1.41757256,1.40038514,False,-20.00537384,-1.4098,STOP LOSS,9989.5167963,2.8179577,5.25,DEVELOPMENT,2025-12,2025-12-08 10:00:00,138.14,134.56671629562206,134.06413102805965,135.45280256075048,66.63676881893599,18.476462837995538,1.5611688980256893,1.1849104744693701,4.738797482750767,1.3202288396655382,0.3062116434724871,131.26,138.90916596879322,154.8903476877136,-0.038077831086746894,-1.713346467848631,False,False,False,2.655399345948208,1.9838625620494605,True,False,False,False
16,SOLUSDT,2025-12-12 06:00:00,2025-12-12 15:15:00,138.979455,137.84732859,136.95201631,137.91628673,11.08611219,0.0,1540.74182995,0.225,100.0,2.2668,ADAPTIVE_BREAKOUT,1.54074183,1.52819095,False,-15.61981321,-1.0128,STOP LOSS,9973.89698309,3.06893278,9.25,DEVELOPMENT,2025-12,2025-12-12 06:00:00,138.9,135.39552455412394,134.98285929322634,135.38554590070035,68.71511378225446,29.685072460252567,1.663306153037894,1.1546837083923809,5.876972330208097,5.147615442846343,0.7075919441838607,136.17,138.15037632580615,152.18074448349415,8.51063829787233,-0.1815369035268466,False,False,False,2.5883244349595653,2.595885754212906,True,False,False,False
17,SOLUSDT,2026-01-03 22:00:00,2026-01-04 19:15:00,132.936435,133.22309713,131.66589139,133.289742,17.66272957,4.41568239,2348.02030157,0.225,100.0,2.2222,ADAPTIVE_BREAKOUT,2.3480203,2.36273925,True,10.00818846,0.4258,STOP LOSS,9983.90517155,4.710759550000001,21.25,DEVELOPMENT,2026-01,2026-01-03 22:00:00,132.87,131.55193645173944,130.12837134503553,126.877625195217,64.93631512314775,21.12889836781694,0.8568476852265844,1.1156739333415249,0.7201334141904381,6.757191065402557,0.7516786759205196,132.64,126.99276592595427,136.6621203514582,-0.15807301467821722,0.31239434953191925,False,False,True,1.001933976657278,4.7229563097220515,True,True,False,True
18,LINKUSDT,2026-01-05 15:00:00,2026-01-06 00:45:00,13.62681,13.66017984,13.4386492,13.66701334,159.1814821,39.79537053,2169.13581212,0.3,98.0,2.0842,IGNITION,2.16913581,2.18859176,True,15.09822084,0.6954,STOP LOSS,9999.00339239,4.35772757,9.75,DEVELOPMENT,2026-01,2026-01-05 15:00:00,13.62,13.529844483110374,13.408875851274766,12.939132917392083,56.76336471865729,15.349736904775847,0.1403004403600318,2.316040167485876,1.4147431124348353,4.20811017597551,0.6547563549065716,13.42,12.813637807594068,13.566494869600815,5.007824726134591,1.4740936475878152,False,True,True,0.6663455518810198,5.262076577733671,True,False,False,True
19,LINKUSDT,2026-01-06 15:00:00,2026-01-06 16:30:00,14.10705,13.783105,13.74451713,13.74451713,82.74287119,0.0,1167.25782105,0.3,100.0,2.1378,IGNITION,1.16725782,1.14789682,False,-21.67615907,-1.8552,MARKET SEVERE SHOCK,9977.32723332,2.31515464,1.5,DEVELOPMENT,2026-01,2026-01-06 15:00:00,14.1,13.833090501207026,13.683041911720633,13.133243024140798,65.37965287378746,12.5319704288068,0.16158312059571367,2.9622527377850214,3.524229074889873,7.715813598166532,0.7691061894792517,14.01,12.927577064013681,13.583887227655685,8.436532507739948,1.8062841761049775,False,True,True,1.9295001270300636,7.361144342506741,True,False,False,False
20,SOLUSDT,2026-01-12 03:00:00,2026-01-12 03:45:00,142.49121,142.63359434,141.179879,142.70494681,17.11923709,0.0,2439.34080692,0.225,100.0,2.2154,ADAPTIVE_BREAKOUT,2.43934081,2.44177832,False,-2.44360782,-0.1001,STOP LOSS,9974.8836255,4.88111913,0.75,DEVELOPMENT,2026-01,2026-01-12 03:00:00,142.42,139.07656470161513,137.9368940675487,135.85846791926863,72.13286739061266,40.26152840732773,1.240120999147185,1.2533655169376439,4.712888758179545,2.47517628435745,0.8858169451642528,138.23,132.94484764754836,136.74352499169652,9.828380740505317,1.005431862855266,False,True,True,2.4040249380318732,4.829682081083398,True,True,False,False
21,SOLUSDT,2026-01-12 16:00:00,2026-01-12 17:00:00,142.65129,142.7938343,141.20035204,142.86526694,15.46826172,0.0,2206.56748903,0.225,100.0,2.2329,ADAPTIVE_BREAKOUT,2.20656749,2.2087724,False,-2.21042733,-0.1001,STOP LOSS,9972.67319817,4.41533989,1.0,DEVELOPMENT,2026-01,2026-01-12 16:00:00,142.58,140.33287861304396,139.13999984525083,136.48188223721618,64.97415437960794,31.803470423684743,1.3796479629942993,1.1837451336881335,2.9979050783789596,2.70854343754503,0.7403786634749165,138.23,132.94484764754836,136.74352499169652,9.828380740505317,1.005431862855266,False,True,True,1.6012793360793944,4.468078592427985,True,True,False,False
22,LINKUSDT,2026-01-15 13:00:00,2026-01-15 14:45:00,14.097045,14.002995,13.90297959,13.90297959,154.16461636,0.0,2173.2655343,0.3,99.0,2.0838,IGNITION,2.17326553,2.15876635,False,-18.83121406,-0.8656,MARKET SEVERE SHOCK,9953.84198412,4.332031880000001,1.75,DEVELOPMENT,2026-01,2026-01-15 13:00:00,14.09,13.99227097314772,13.880042628606187,13.512148610728536,55.78171001083562,20.958020923868958,0.13737135980868412,0.6579745699312526,1.076040172166426,7.1482889733840205,0.28133318217595793,14.09,13.273542449160017,13.554216014081799,16.062602965403627,1.3823896707431116,False,True,True,0.6984500731856141,4.276532222363618,True,False,False,False
23,LINKUSDT,2026-02-26 10:00:00,2026-02-26 15:00:00,9.30465,9.14006612,9.14463844,9.14463844,139.96579051,0.0,1302.33269271,0.225,100.0,2.107,IGNITION,1.30233269,1.27929658,False,-25.61774201,-1.9651,STOP LOSS,9928.22424211,2.58162927,5.0,DEVELOPMENT,2026-02,2026-02-26 10:00:00,9.3,9.180574216489129,8.909243206428119,8.715095035135212,62.43558944491535,36.82740455765857,0.1268077991947472,0.7867946934585949,8.391608391608397,9.154929577464799,2.4852361675516077,9.42,9.033909953478359,10.278508350155942,17.16417910447763,-1.335699229516596,False,False,True,1.3008530914806233,6.711400879815124,True,False,False,False
24,LINKUSDT,2026-03-05 15:00:00,2026-03-05 15:15:00,9.394695,9.27536,9.2444925,9.2444925,198.2967817,0.0,1862.93778358,0.3,100.0,2.1,IGNITION,1.86293778,1.83927404,False,-27.36595827,-1.4675,MARKET SEVERE SHOCK,9900.85828384,3.70221182,0.25,DEVELOPMENT,2026-03,2026-03-05 15:00:00,9.39,9.327184990274956,9.183684894907705,8.931591454325398,56.43985794298054,28.444938783308825,0.1272192186981358,2.07533626021509,2.0652173913043637,5.98194130925509,1.081840830691716,9.36,8.989146955638263,9.949818324510815,11.827956989247323,0.37003384009912654,False,True,True,0.673461604873698,5.132439700347067,True,True,False,False
25,SOLUSDT,2026-03-10 16:00:00,2026-03-10 18:15:00,88.38417,87.1311526,87.17473997,87.17473997,18.41936338,0.0,1627.98014409,0.225,100.0,2.2477,ADAPTIVE_BREAKOUT,1.62798014,1.60490036,False,-26.31266325,-1.6147,STOP LOSS,9874.54562059,3.2328805000000003,2.25,DEVELOPMENT,2026-03,2026-03-10 16:00:00,88.33,86.46924836556629,85.37158422927659,85.23442317345577,67.72939841187032,32.35486916929401,1.1552600265199888,1.8079209690724398,3.8565549676660815,5.468656716417919,1.1715318926739604,85.74,86.12034150485368,96.06376883014688,0.8112874779541368,-0.9887391665693301,False,False,True,2.15192298950837,3.6318387704045323,True,True,False,False
26,SOLUSDT,2026-03-13 13:00:00,2026-03-13 15:00:00,91.0455,91.13647722,89.81895996,91.18206825,24.15219718,0.0,2198.94886827,0.3,100.0,2.2739,ADAPTIVE_BREAKOUT,2.19894887,2.20114617,False,-2.20279538,-0.1001,STOP LOSS,9872.34282521,4.40009504,2.0,DEVELOPMENT,2026-03,2026-03-13 13:00:00,91.0,88.80340534478577,87.58721490843023,86.14373612689295,67.68329035738012,22.089890832440886,1.0517333977626835,1.338142745882266,4.297994269340966,4.959630911188007,1.4502337768725226,86.3,86.1715346487195,94.95993169367704,2.0215155455727496,0.05944373068114128,False,True,True,2.473547772955087,5.637396392877127,True,True,False,False
27,LINKUSDT,2026-03-15 00:00:00,2026-03-15 13:15:00,9.174585,9.1837527,9.05514741,9.18834688,185.97805569,0.0,1706.2714801,0.225,100.0,2.0772,IGNITION,1.70627148,1.70797647,False,-1.70925618,-0.1001,STOP LOSS,9870.63356903,3.41424795,13.25,DEVELOPMENT,2026-03,2026-03-15 00:00:00,9.17,9.054992665892021,9.072350415619384,9.000772197714191,62.1918260808194,14.21619996679577,0.06881203520396,2.1398065439190166,0.9911894273127775,2.0022246941045596,-0.2023130608329926,9.07,8.966940956550163,9.617134376661927,4.252873563218396,0.3331611012603819,False,True,False,1.2700985892698056,1.8801475981003637,True,False,False,False
28,SOLUSDT,2026-03-15 22:00:00,2026-03-16 01:15:00,90.045,91.5270037,88.57988168,91.57279009,20.21126915,5.05281729,1819.92373065,0.3,100.0,2.2956,ADAPTIVE_BREAKOUT,1.81992373,1.85695967,True,33.35905525,1.8312,STOP LOSS,9903.99262428,3.6768834,3.25,DEVELOPMENT,2026-03,2026-03-15 22:00:00,90.0,88.27925458459542,88.0215954210677,86.97235816642822,68.60341927943453,23.982700133585716,0.7001972003598967,2.2729519947247114,3.1164069660861493,3.9981511439796558,0.23565956664102217,87.31,86.43837643579987,94.39807612322899,4.475290175900448,0.325407294333524,False,True,True,1.9492070062232338,3.481154124599169,True,True,False,True
29,SOLUSDT,2026-03-16 21:00:00,2026-03-16 23:15:00,95.817885,95.91363102,94.70658914,95.96161183,25.84066801,0.0,2475.99815607,0.29,100.0,2.2841,ADAPTIVE_BREAKOUT,2.47599816,2.4784723,False,-2.4803293,-0.1001,STOP LOSS,9901.51229499,4.95447046,2.25,DEVELOPMENT,2026-03,2026-03-16 21:00:00,95.78,93.39135402906054,91.41815482850126,88.31639770201942,75.1853334755575,44.189824892544166,1.0734108586758158,0.674913096974477,7.908968003605232,7.726914857721301,1.8519028208441979,92.64,87.02900725143797,94.32913196153373,18.374648607206744,0.9950763975760557,False,True,True,2.557673561726271,8.450981349084085,True,False,False,False
30,SOLUSDT,2026-03-17 19:00:00,2026-03-18 00:30:00,95.377665,94.20306068,94.25018577,94.25018577,25.95343547,0.0,2475.37807375,0.2955,100.0,2.2261,ADAPTIVE_BREAKOUT,2.47537807,2.44489306,False,-35.4052885,-1.4289,STOP LOSS,9866.10700648,4.92027113,5.5,DEVELOPMENT,2026-03,2026-03-17 19:00:00,95.32,94.25613536908222,93.19446145703552,89.54431445122378,61.168913727664375,23.8486759271357,1.0698142252713707,0.8474411855520172,0.9959737232464461,9.512867647058808,0.6588746859847783,96.37,87.91862560844389,94.4091660022579,21.86393525543755,1.8205679638502836,False,True,True,1.1286953647653424,6.4500862887529475,True,False,False,False
31,SOLUSDT,2026-03-24 08:00:00,2026-03-24 13:45:00,91.755855,90.72553987,90.77092533,90.77092533,22.53840192,0.0,2068.0303389,0.225,100.0,2.2762,ADAPTIVE_BREAKOUT,2.06803034,2.04480868,False,-27.33449558,-1.3204,STOP LOSS,9838.7725109,4.11283902,5.75,DEVELOPMENT,2026-03,2026-03-24 08:00:00,91.72,90.30349546705406,89.395361224863,89.34334993898658,64.091344897207,25.020406448921843,0.9490746697773023,0.9664908981750534,6.663565530875681,1.7754105636928585,1.0254065475687968,91.52,89.03146518458121,93.39288533318025,6.060957237223308,0.1642475576943525,False,True,True,1.5686043221468957,2.660130902452682,True,True,False,False
32,LINKUSDT,2026-03-25 20:00:00,2026-03-26 02:45:00,9.354675,9.26310398,9.26773785,9.26773785,254.63495354,0.0,2382.02723396,0.225,95.0,2.0279,IGNITION,2.38202723,2.35871005,False,-28.05792043,-1.1767,STOP LOSS,9810.71459047,4.740737279999999,6.75,DEVELOPMENT,2026-03,2026-03-25 20:00:00,9.35,9.329288535109628,9.223249986717043,9.144094776644817,55.310165997555494,19.518395418717688,0.09140239324708703,0.6673832583965589,3.3149171270718147,7.471264367816088,1.0816897028419703,9.2,9.125163882452958,9.497993855265047,-1.7094017094017144,-0.3556969425930534,False,False,True,0.2220047628758276,2.2517835650729583,True,False,False,False
33,SOLUSDT,2026-04-09 18:00:00,2026-04-09 18:30:00,84.692325,83.72767496,83.76955974,83.76955974,23.92169365,0.0,2025.98385323,0.225,100.0,2.2441,ADAPTIVE_BREAKOUT,2.02598385,2.00290779,False,-27.10495435,-1.3365,STOP LOSS,9783.60963612,4.028891639999999,0.5,DEVELOPMENT,2026-04,2026-04-09 18:00:00,84.65,82.88361428078905,82.64580258524705,82.08315160656362,68.30484449866424,17.635296114870414,0.7840670977098703,2.0832576499259225,0.8098130284625471,3.6869181773640403,0.11947263198961444,82.63,83.74996962972085,88.39118106038664,-6.906264082920243,-0.413211791313739,False,False,True,2.1311639635150126,3.127131869570094,True,False,False,False
34,LINKUSDT,2026-04-10 05:00:00,2026-04-10 08:00:00,8.974485,8.88774116,8.89218726,8.89218726,272.53958406,0.0,2445.90240903,0.2293,95.0,2.0256,IGNITION,2.44590241,2.42226128,False,-28.50929304,-1.1644,STOP LOSS,9755.10034308,4.868163689999999,3.0,DEVELOPMENT,2026-04,2026-04-10 05:00:00,8.97,8.933587075283727,8.92346511224257,8.850798985206938,54.52396696457274,20.725574678382998,0.0864586041279534,0.3599019655500724,2.3972602739726234,1.8161180476730987,0.3596584127768532,9.02,8.890978565119916,9.172956445608245,-1.2048192771084487,0.6071903641503562,False,False,True,0.40759578889667014,1.346782533331663,True,False,False,False
35,SOLUSDT,2026-04-10 13:00:00,2026-04-10 16:00:00,84.152055,84.23614394,83.37475661,84.27828308,28.98057672,0.0,2438.77508577,0.2309,100.0,2.216,ADAPTIVE_BREAKOUT,2.43877509,2.44121203,False,-2.44304111,-0.1001,STOP LOSS,9752.65730197,4.87998712,3.0,DEVELOPMENT,2026-04,2026-04-10 13:00:00,84.11,83.36114947995452,83.08442162671281,82.32740175461839,59.95448531124741,21.06357677344107,0.692072324207898,1.575033444619945,2.2241127856100995,6.280010108668188,0.17960985710820943,83.99,83.77282966498554,88.21858572468521,-6.7813540510543895,0.059008767672041884,False,False,True,0.8983207701874989,2.165255075940262,True,True,False,False
36,LINKUSDT,2026-04-21 16:00:00,2026-04-21 17:15:00,9.42471,9.3184933,9.32315488,9.32315488,216.07456241,0.0,2036.4400891,0.225,100.0,2.0516,IGNITION,2.03644009,2.01348936,False,-27.00065669,-1.3246,STOP LOSS,9725.65664528,4.0499294500000005,1.25,DEVELOPMENT,2026-04,2026-04-21 16:00:00,9.42,9.359174204217496,9.315454476393223,9.249358828411644,60.65614411397011,26.54313923995364,0.08422561885658894,0.7671726494049194,1.6181229773462924,0.4264392324093702,0.4952681022206029,9.32,9.136364280751154,9.197293294926679,6.514285714285717,0.39984939814869946,False,True,True,0.6499055841389778,1.8448973031967377,True,False,False,False
37,SOLUSDT,2026-04-22 03:00:00,2026-04-22 17:00:00,87.46371,87.55110811,86.43482445,87.59490556,27.7991199,0.0,2431.41416132,0.2941,100.0,2.2556,ADAPTIVE_BREAKOUT,2.43141416,2.43384375,False,-2.43566731,-0.1001,STOP LOSS,9723.22097797,4.86525791,14.0,DEVELOPMENT,2026-04,2026-04-22 03:00:00,87.42,85.83346271662742,85.67444841889258,85.50651766455746,66.56035161844969,14.699465694133181,0.7586259244283104,2.4639008199947354,2.5214026034947823,2.209750964573831,0.09941657942231785,85.36,85.0930654411383,87.21475482920917,5.162005667118397,-0.04033014196044293,False,False,True,1.8483901652790236,2.2378204465642484,True,False,False,False
38,LINKUSDT,2026-04-26 15:00:00,2026-04-27 01:30:00,9.48474,9.49421763,9.39050269,9.49896711,256.28591237,0.0,2430.80524449,0.2484,100.0,2.039,IGNITION,2.43080524,2.43323423,False,-2.43505733,-0.1001,STOP LOSS,9720.78592064,4.86403947,10.5,DEVELOPMENT,2026-04,2026-04-26 15:00:00,9.48,9.405060483043966,9.380200141920788,9.330627435145109,67.13641823144548,27.801598277068713,0.04748656603761982,1.9436213614471727,1.0660980810234477,1.4989293361884481,0.2899262997110075,9.34,9.217196552975466,9.22329146863064,7.2330654420206475,0.4839349893699607,False,True,True,0.7967999471256962,1.6008844624130931,True,True,False,False
1,LINKUSDT,2026-05-04 18:00:00,2026-05-06 14:00:00,9.474735,9.97967652,9.31810211,9.98466885,191.53066082,47.8826652,1814.7022556,0.3,95.0,2.1033,IGNITION,1.81470226,1.90200175,True,83.58279492,4.6013,STOP LOSS,10083.58279492,3.71670401,44.0,VALIDATION,2026-05,2026-05-04 18:00:00,9.47,9.36500957617344,9.269608053023777,9.228158180560921,61.60491488698887,31.03411541587348,0.10948942579835652,0.7286281313493354,3.49726775956285,2.711496746203901,1.0317416744168861,9.19,9.255318475057273,9.294275725178437,-1.5005359056806111,-0.34710104968400657,False,False,True,1.1210925410442527,2.6206943434120804,True,False,False,True
2,LINKUSDT,2026-05-07 07:00:00,2026-05-07 14:45:00,10.06503,9.89921777,9.90416985,9.90416985,141.04215097,0.0,1419.5934808,0.225,100.0,2.0999,IGNITION,1.41959348,1.39620697,False,-26.20231445,-1.8439,STOP LOSS,10057.38048048,2.8158004500000002,7.75,VALIDATION,2026-05,2026-05-07 07:00:00,10.06,9.96541020250413,9.849042319358963,9.499415150189785,60.08920117794466,21.073720325017312,0.0942159239494445,0.8756428860834182,1.7189079878665359,8.172043010752695,0.7679809717715758,9.99,9.38030120077938,9.342978076241554,5.047318611987395,1.3503881693420983,True,True,True,0.9491811734162476,5.901256455762077,True,False,True,False
3,SOLUSDT,2026-05-09 02:00:00,2026-05-09 15:00:00,93.56676,92.8508594,92.32697711,92.89730805,18.25247485,0.0,1707.82493367,0.225,100.0,2.2443,ADAPTIVE_BREAKOUT,1.70782493,1.69475798,False,-16.46954064,-0.9634,STOP LOSS,10040.91093983,3.40258291,13.0,VALIDATION,2026-05,2026-05-09 02:00:00,93.51,90.9120251677192,89.57119557009214,87.0132289801377,79.41832547136687,34.23820010036773,0.7883714890189158,2.388542428120421,6.104618177692056,7.655998157955346,1.5471988330524544,92.3,86.37764584422185,86.10526249217719,6.9524913093858665,1.4628372064355633,True,True,True,2.8576800786121903,7.466417573522424,True,True,True,False
4,SOLUSDT,2026-05-11 16:00:00,2026-05-12 01:30:00,96.838395,96.93516077,95.588321,96.98365259,24.09675978,0.0,2333.49154185,0.3,100.0,2.2956,ADAPTIVE_BREAKOUT,2.33349154,2.33582328,False,-2.3375734,-0.1001,STOP LOSS,10038.57336643,4.66931482,9.5,VALIDATION,2026-05,2026-05-11 16:00:00,96.8,95.28183382474982,94.39902050543225,90.43231544299601,63.2240409515964,11.736721380747433,0.9527983287353582,1.7875526169515714,2.401354067491801,8.047773188971984,0.6239431061001,96.23,87.91503435320654,86.77452335398594,12.287047841306876,2.5197520332221446,True,True,True,1.5933427331410395,7.041381751435803,True,False,False,False
5,SOLUSDT,2026-06-15 11:00:00,2026-06-15 22:30:00,71.91594,73.93731852,71.25385983,73.97430568,34.11488685,8.52872171,2453.4041557,0.225,100.0,2.2154,ADAPTIVE_BREAKOUT,2.45340416,2.51610455,True,57.73088879,2.3507,STOP LOSS,10096.30425522,4.9695087099999995,11.5,VALIDATION,2026-06,2026-06-15 11:00:00,71.88,70.38964469887628,69.17856764898544,68.0486948045875,75.68838055375087,40.80160293615262,0.6261401697168542,1.5604710080654676,5.457746478873249,7.620901332534791,1.8863199877831471,70.45,71.91781754826725,78.33816845096212,-16.931965570097862,-1.5001404214212144,False,False,True,2.117293399475713,5.630240530571073,True,True,False,True
6,LINKUSDT,2026-07-03 06:00:00,2026-07-04 09:45:00,7.7768865,7.89007542,7.68535427,7.89402243,248.18236249,62.04559062,1930.08606437,0.225,95.0,2.0641,IGNITION,1.93008606,1.96226609,True,28.28766964,1.4642,STOP LOSS,10124.59192485,3.89235215,27.75,VALIDATION,2026-07,2026-07-03 06:00:00,7.773,7.713951544513816,7.578910854661801,7.468936083777833,60.00730248233586,41.83453410334161,0.06822863970545305,0.7349412691630777,3.889334402566158,6.319244973327853,1.4563366133828692,7.711,7.668148591580147,8.21382930740354,-1.7581857561472791,-0.9278277664917733,False,False,True,0.7654761006138168,4.071047239011442,True,False,False,True
7,LINKUSDT,2026-07-10 02:00:00,2026-07-10 14:30:00,7.881939,7.90251227,7.74093787,7.9064655,161.56133697,0.0,1273.41660279,0.225,99.0,2.0879,IGNITION,1.2734166,1.27674045,False,0.77368717,0.0607,STOP LOSS,10125.36561203,2.55015705,12.5,VALIDATION,2026-07,2026-07-10 02:00:00,7.877,7.746034299679762,7.74302286696997,7.755260062710488,68.36564516591498,23.943459257617782,0.06184642484667351,2.683216521508225,3.767619549466472,-1.2783556836696408,0.13504229527292466,7.753,7.7801966774648115,8.13833758886174,-2.182689881402977,-0.11800387266174273,False,False,False,1.6907451639563802,1.5697724680423304,False,False,False,True
8,LINKUSDT,2026-07-16 02:00:00,2026-07-16 08:15:00,8.5192575,8.45703752,8.45059359,8.46126815,297.13169287,0.0,2531.34140301,0.2015,95.0,2.0016,IGNITION,2.5313414,2.50598344,False,-30.39528378,-1.1996,STOP LOSS,10094.97032825,5.03732484,6.25,VALIDATION,2026-07,2026-07-16 02:00:00,8.515,8.469629305014982,8.328877442571645,8.05595303608992,58.62344917826804,34.732343755599494,0.07156267346746546,0.6288013291225157,2.4422521655438123,6.731010278265237,1.4600512514194808,8.548,7.941099684065283,8.133846202884188,18.033692350179507,1.3692639660700445,False,True,True,0.5356869037722158,5.698232870196658,True,False,False,False
