trade_number,symbol,entry_time,exit_time,entry_price,exit_price,initial_stop,final_stop,initial_quantity,partial_quantity,entry_notional,account_risk_percent,setup_score,entry_reward_risk,route,buy_fee,sell_fees,partial_profit_taken,profit,profit_percent,exit_reason,cash_after_trade,period,risk_per_unit,initial_risk_eur,realized_r,hold_hours,current_mfe_r,current_mae_r,forward_48h_mfe_r,forward_48h_mae_r,post_exit_additional_mfe_r,0_5r_target_time,0_5r_stop_time,0_5r_first_outcome,hit_0_5r_before_stop_48h,1r_target_time,1r_stop_time,1r_first_outcome,hit_1r_before_stop_48h,1_5r_target_time,1_5r_stop_time,1_5r_first_outcome,hit_1_5r_before_stop_48h,2r_target_time,2r_stop_time,2r_first_outcome,hit_2r_before_stop_48h,3r_target_time,3r_stop_time,3r_first_outcome,hit_3r_before_stop_48h,stop_before_0_5r_48h,hit_1r_then_revisit_entry,current_exit_before_2r,future_reached_2r_after_exit,path_classification
1,SOLUSDT,2025-08-07 08:00:00,2025-08-07 14:30:00,170.074995,170.24494244,168.57503123,170.33010749,14.69939776,3.67484944,2500.0,0.2205,100.0,2.2073,ADAPTIVE_BREAKOUT,2.5,2.51257986,True,7.5672838,0.3024,STOP LOSS,10007.5672838,DEVELOPMENT,1.4999637699999937,22.048564080819062,0.3432098241074613,6.5,2.276724990497619,0.6766796774031437,8.050197772443568,2.0500461821154614,5.930181606986437,2025-08-07 10:15:00,2025-08-07 17:00:00,TARGET_FIRST,True,2025-08-07 10:30:00,2025-08-07 17:00:00,TARGET_FIRST,True,2025-08-07 10:45:00,2025-08-07 17:00:00,TARGET_FIRST,True,2025-08-07 10:45:00,2025-08-07 17:00:00,TARGET_FIRST,True,2025-08-07 23:00:00,2025-08-07 17:00:00,STOP_FIRST,False,False,False,False,False,REACHED_2R
2,LINKUSDT,2025-08-10 09:00:00,2025-08-10 14:00:00,22.05102,21.24919289,21.25982281,21.25982281,37.94591549,0.0,836.74614133,0.3,100.0,2.115,IGNITION,0.83674614,0.80632008,False,-32.06912979,-3.8288,STOP LOSS,9975.49815401,DEVELOPMENT,0.7911971900000019,30.022701707665544,-1.0681626890964298,5.0,0.3146876697072179,1.0503323450883342,0.7823334155168057,1.5306171651089893,1.7957686502905787,2025-08-10 15:30:00,2025-08-10 14:00:00,STOP_FIRST,False,,2025-08-10 14:00:00,STOP_FIRST,False,,2025-08-10 14:00:00,STOP_FIRST,False,,2025-08-10 14:00:00,STOP_FIRST,False,,2025-08-10 14:00:00,STOP_FIRST,False,True,False,True,False,FAILED_BEFORE_0_5R
3,SOLUSDT,2025-08-10 22:00:00,2025-08-11 01:00:00,183.59175,181.47252897,181.56331063,181.56331063,13.58380504,0.0,2493.8745385,0.2762,100.0,2.2295,ADAPTIVE_BREAKOUT,2.49387454,2.46508745,False,-33.74604727,-1.3518,STOP LOSS,9941.75210674,DEVELOPMENT,2.028439370000001,27.553924937540437,-1.2247274152954957,3.0,0.048436251757432235,1.0312114973394495,5.012843938244009,5.009639504285493,2.626389089460434,2025-08-11 02:15:00,2025-08-11 01:00:00,STOP_FIRST,False,2025-08-11 03:00:00,2025-08-11 01:00:00,STOP_FIRST,False,2025-08-11 05:15:00,2025-08-11 01:00:00,STOP_FIRST,False,2025-08-12 18:15:00,2025-08-11 01:00:00,STOP_FIRST,False,2025-08-12 19:45:00,2025-08-11 01:00:00,STOP_FIRST,False,True,True,True,True,ONE_R_BREAKEVEN_TRAP
4,LINKUSDT,2025-08-13 09:00:00,2025-08-13 12:15:00,23.51175,23.53524412,23.08840765,23.54701763,70.45186028,17.61296507,1656.446526,0.3,95.0,2.1112,IGNITION,1.65644653,1.67238605,True,12.6106866,0.7605,STOP LOSS,9954.36279334,DEVELOPMENT,0.42334234999999865,29.825256092806764,0.4228190551242722,3.25,2.027319024425514,0.4765646526977544,2.027319024425514,4.728442594982534,1.8300930204596815,2025-08-13 10:00:00,2025-08-14 12:45:00,TARGET_FIRST,True,2025-08-13 10:30:00,2025-08-14 12:45:00,TARGET_FIRST,True,2025-08-13 10:45:00,2025-08-14 12:45:00,TARGET_FIRST,True,2025-08-13 11:15:00,2025-08-14 12:45:00,TARGET_FIRST,True,,2025-08-14 12:45:00,STOP_FIRST,False,False,False,False,False,REACHED_2R
5,SOLUSDT,2025-09-08 10:00:00,2025-09-09 02:15:00,210.975435,212.54869072,208.5451594,212.65501823,9.21595736,2.30398934,1944.34061243,0.225,100.0,2.2525,ADAPTIVE_BREAKOUT,1.94434061,1.96616492,True,17.91380394,0.9204,STOP LOSS,9972.27659728,DEVELOPMENT,2.430275600000016,22.397316302648566,0.7998192148530593,16.25,2.5242260589704184,0.22443339348014443,4.902557142078826,0.22443339348014443,2.9796247306272376,2025-09-08 10:15:00,,TARGET_FIRST,True,2025-09-08 10:30:00,,TARGET_FIRST,True,2025-09-08 11:00:00,,TARGET_FIRST,True,2025-09-08 11:00:00,,TARGET_FIRST,True,2025-09-09 06:30:00,,TARGET_FIRST,True,False,False,False,False,REACHED_2R
6,LINKUSDT,2025-09-09 04:00:00,2025-09-09 14:45:00,23.19159,23.22650049,22.8103434,23.23811955,58.85330464,0.0,1364.90171135,0.225,95.0,2.1027,IGNITION,1.36490171,1.36695631,False,-0.67726022,-0.0496,STOP LOSS,9971.59933706,DEVELOPMENT,0.38124660000000077,22.437622292764267,-0.030184134983785884,10.75,1.6483032242123536,0.42384640282693675,1.936830387470988,0.9484412451153728,1.8452610724921845,2025-09-09 06:15:00,,TARGET_FIRST,True,2025-09-09 06:15:00,,TARGET_FIRST,True,2025-09-09 06:45:00,,TARGET_FIRST,True,,,NEITHER,False,,,NEITHER,False,False,True,True,False,ONE_R_BREAKEVEN_TRAP
7,SOLUSDT,2025-09-11 11:00:00,2025-09-11 12:45:00,225.85287,226.896495,223.94604518,226.1916493,11.03771599,0.0,2492.89983426,0.2111,100.0,2.2166,ADAPTIVE_BREAKOUT,2.49289983,2.50441907,False,6.52191744,0.2614,MARKET SEVERE SHOCK,9978.1212545,DEVELOPMENT,1.906824819999997,21.046990805842842,0.30987410505208446,1.75,1.5455693512527386,1.6062671137246936,9.59035660129493,1.6062671137246936,6.798477166874745,2025-09-11 12:15:00,2025-09-11 12:45:00,TARGET_FIRST,True,2025-09-11 12:15:00,2025-09-11 12:45:00,TARGET_FIRST,True,2025-09-11 12:45:00,2025-09-11 12:45:00,AMBIGUOUS,False,2025-09-12 00:30:00,2025-09-11 12:45:00,STOP_FIRST,False,2025-09-12 00:45:00,2025-09-11 12:45:00,STOP_FIRST,False,False,True,True,True,ONE_R_BREAKEVEN_TRAP
8,SOLUSDT,2025-09-18 17:00:00,2025-09-18 18:15:00,249.94491,250.19466745,247.55472337,250.31982737,9.98032052,0.0,2494.53031363,0.2391,100.0,2.2365,ADAPTIVE_BREAKOUT,2.49453031,2.49702297,False,-2.49889387,-0.1001,STOP LOSS,9975.62236063,DEVELOPMENT,2.390186629999988,23.854828670018527,-0.10475421578444138,1.25,1.491552983877253,0.2949183930461478,1.491552983877253,6.202406880671098,0.3327491418525824,2025-09-18 17:15:00,2025-09-18 19:45:00,TARGET_FIRST,True,2025-09-18 17:15:00,2025-09-18 19:45:00,TARGET_FIRST,True,,2025-09-18 19:45:00,STOP_FIRST,False,,2025-09-18 19:45:00,STOP_FIRST,False,,2025-09-18 19:45:00,STOP_FIRST,False,False,True,True,False,ONE_R_BREAKEVEN_TRAP
9,LINKUSDT,2025-09-19 05:00:00,2025-09-19 07:15:00,24.67233,24.35764448,24.3698294,24.3698294,74.1986964,0.0,1830.65472323,0.225,100.0,2.0696,IGNITION,1.83065472,1.80730547,False,-26.98721529,-1.4727,STOP LOSS,9948.63514534,DEVELOPMENT,0.30250059999999834,22.445150180217716,-1.2023628745324897,2.25,-0.0077024640612186205,1.3630716765520448,0.6203954636784248,5.23083260000148,1.660676111055651,2025-09-19 08:00:00,2025-09-19 07:15:00,STOP_FIRST,False,,2025-09-19 07:15:00,STOP_FIRST,False,,2025-09-19 07:15:00,STOP_FIRST,False,,2025-09-19 07:15:00,STOP_FIRST,False,,2025-09-19 07:15:00,STOP_FIRST,False,True,False,True,False,FAILED_BEFORE_0_5R
10,SOLUSDT,2025-09-29 21:00:00,2025-09-30 00:30:00,214.517205,212.03948403,212.14555681,212.14555681,9.43834299,0.0,2024.68695725,0.225,100.0,2.2606,ADAPTIVE_BREAKOUT,2.02468696,2.00130138,False,-27.41156868,-1.3525,STOP LOSS,9921.22357667,DEVELOPMENT,2.371648190000002,22.38442906883271,-1.2245819893689807,3.5,0.09394099889664453,1.2384657270773263,2.7334555889590035,4.312277446175518,0.5272771801790634,2025-10-01 09:00:00,2025-09-30 00:30:00,STOP_FIRST,False,2025-10-01 09:00:00,2025-09-30 00:30:00,STOP_FIRST,False,2025-10-01 12:30:00,2025-09-30 00:30:00,STOP_FIRST,False,2025-10-01 12:45:00,2025-09-30 00:30:00,STOP_FIRST,False,,2025-09-30 00:30:00,STOP_FIRST,False,True,False,True,True,FAILED_BEFORE_0_5R
11,SOLUSDT,2025-10-01 13:00:00,2025-10-03 02:00:00,218.619255,230.61808518,216.03771298,230.73345191,11.34532223,2.83633056,2480.30589417,0.2952,100.0,2.2429,ADAPTIVE_BREAKOUT,2.48030589,2.59673069,True,111.34776224,4.4848,STOP LOSS,10032.57133891,DEVELOPMENT,2.5815420200000005,29.288426067185114,3.8017666768633407,37.0,6.3414598225288605,0.4955390964350857,6.3414598225288605,0.4955390964350857,2.472132845623791,2025-10-01 13:45:00,,TARGET_FIRST,True,2025-10-02 00:00:00,,TARGET_FIRST,True,2025-10-02 00:00:00,,TARGET_FIRST,True,2025-10-02 02:45:00,,TARGET_FIRST,True,2025-10-02 05:30:00,,TARGET_FIRST,True,False,False,False,False,REACHED_2R
12,SOLUSDT,2025-10-03 16:00:00,2025-10-03 17:15:00,234.907395,232.08468831,232.20078871,232.20078871,10.67715571,0.0,2508.14283473,0.2881,100.0,2.2525,ADAPTIVE_BREAKOUT,2.50814283,2.47800436,False,-35.124626,-1.399,STOP LOSS,9997.44671291,DEVELOPMENT,2.7066062899999963,28.898856803995375,-1.215433061530098,1.25,0.7731471724319368,2.4301262523113416,0.8544297737518352,4.004052986960298,1.2618428112793658,2025-10-03 16:15:00,2025-10-03 17:15:00,TARGET_FIRST,True,,2025-10-03 17:15:00,STOP_FIRST,False,,2025-10-03 17:15:00,STOP_FIRST,False,,2025-10-03 17:15:00,STOP_FIRST,False,,2025-10-03 17:15:00,STOP_FIRST,False,False,False,True,False,REACHED_0_5R_NOT_1R
13,SOLUSDT,2025-10-26 10:00:00,2025-10-27 08:30:00,196.05798,199.97283096,194.09332838,200.07286739,11.44948799,2.862372,2244.76348791,0.225,100.0,2.2304,ADAPTIVE_BREAKOUT,2.24476349,2.28934168,True,40.04408268,1.7821,STOP LOSS,10037.49079558,DEVELOPMENT,1.9646516199999837,22.494255127723857,1.7801915401344508,22.5,4.719421960418663,0.874445109001054,4.719421960418663,0.874445109001054,1.668066239652207,2025-10-26 11:45:00,,TARGET_FIRST,True,2025-10-26 12:15:00,,TARGET_FIRST,True,2025-10-26 13:45:00,,TARGET_FIRST,True,2025-10-26 22:15:00,,TARGET_FIRST,True,2025-10-26 22:15:00,,TARGET_FIRST,True,False,False,False,False,REACHED_2R
14,SOLUSDT,2025-10-28 09:00:00,2025-10-28 10:15:00,203.52171,201.30059064,201.40129129,201.40129129,10.65089369,0.0,2167.68809661,0.225,100.0,2.2369,ADAPTIVE_BREAKOUT,2.1676881,2.14403119,False,-27.96862545,-1.289,STOP LOSS,10009.52217014,DEVELOPMENT,2.120418710000024,22.584354258497196,-1.2384071348631547,1.25,0.12652689713343268,1.2364114632812204,0.12652689713343268,6.67401675586981,0.8155980476139006,,2025-10-28 10:15:00,STOP_FIRST,False,,2025-10-28 10:15:00,STOP_FIRST,False,,2025-10-28 10:15:00,STOP_FIRST,False,,2025-10-28 10:15:00,STOP_FIRST,False,,2025-10-28 10:15:00,STOP_FIRST,False,True,False,True,False,FAILED_BEFORE_0_5R
15,SOLUSDT,2025-12-08 10:00:00,2025-12-08 15:15:00,138.20907,135.94529201,136.01329866,136.01329866,10.25672596,0.0,1417.57255553,0.225,100.0,2.293,ADAPTIVE_BREAKOUT,1.41757256,1.40038514,False,-20.00537384,-1.4098,STOP LOSS,9989.5167963,DEVELOPMENT,2.195771339999993,22.52142490520192,-0.888281888211222,5.25,0.5241574926467618,1.0652611942735348,3.0608515001384573,3.0007997098641486,0.4029144446342999,2025-12-08 11:00:00,2025-12-08 15:15:00,TARGET_FIRST,True,2025-12-09 16:15:00,2025-12-08 15:15:00,STOP_FIRST,False,2025-12-09 16:30:00,2025-12-08 15:15:00,STOP_FIRST,False,2025-12-09 16:45:00,2025-12-08 15:15:00,STOP_FIRST,False,2025-12-09 17:15:00,2025-12-08 15:15:00,STOP_FIRST,False,False,False,True,True,REACHED_0_5R_NOT_1R
16,SOLUSDT,2025-12-12 06:00:00,2025-12-12 15:15:00,138.979455,137.84732859,136.95201631,137.91628673,11.08611219,0.0,1540.74182995,0.225,100.0,2.2668,ADAPTIVE_BREAKOUT,1.54074183,1.52819095,False,-15.61981321,-1.0128,STOP LOSS,9973.89698309,DEVELOPMENT,2.0274386899999968,22.476412775686594,-0.6949424432575121,9.25,0.5625546190992364,1.0305885008044404,0.5625546190992364,4.2563333937363215,-0.14665232121025495,2025-12-12 06:15:00,2025-12-12 15:15:00,TARGET_FIRST,True,,2025-12-12 15:15:00,STOP_FIRST,False,,2025-12-12 15:15:00,STOP_FIRST,False,,2025-12-12 15:15:00,STOP_FIRST,False,,2025-12-12 15:15:00,STOP_FIRST,False,False,False,True,False,REACHED_0_5R_NOT_1R
17,SOLUSDT,2026-01-03 22:00:00,2026-01-04 19:15:00,132.936435,133.22309713,131.66589139,133.289742,17.66272957,4.41568239,2348.02030157,0.225,100.0,2.2222,ADAPTIVE_BREAKOUT,2.3480203,2.36273925,True,10.00818846,0.4258,STOP LOSS,9983.90517155,DEVELOPMENT,1.2705436099999758,22.44126819032112,0.4459724991975504,21.25,2.049174053931177,0.2726667524619576,5.457164118908242,0.2726667524619576,3.562965359370917,2026-01-03 22:45:00,,TARGET_FIRST,True,2026-01-04 00:15:00,,TARGET_FIRST,True,2026-01-04 00:15:00,,TARGET_FIRST,True,2026-01-04 16:15:00,,TARGET_FIRST,True,2026-01-05 01:45:00,,TARGET_FIRST,True,False,False,False,False,REACHED_2R
18,LINKUSDT,2026-01-05 15:00:00,2026-01-06 00:45:00,13.62681,13.66017984,13.4386492,13.66701334,159.1814821,39.79537053,2169.13581212,0.3,98.0,2.0842,IGNITION,2.16913581,2.18859176,True,15.09822084,0.6954,STOP LOSS,9999.00339239,DEVELOPMENT,0.18816080000000035,29.95171501712174,0.5040853530881013,9.75,2.674255211499946,0.5145067410427742,3.258861569466107,1.099113099008935,3.0815141092087166,2026-01-05 15:45:00,2026-01-07 14:45:00,TARGET_FIRST,True,2026-01-05 19:00:00,2026-01-07 14:45:00,TARGET_FIRST,True,2026-01-05 20:30:00,2026-01-07 14:45:00,TARGET_FIRST,True,2026-01-05 20:45:00,2026-01-07 14:45:00,TARGET_FIRST,True,2026-01-06 14:30:00,2026-01-07 14:45:00,TARGET_FIRST,True,False,False,False,False,REACHED_2R
19,LINKUSDT,2026-01-06 15:00:00,2026-01-06 16:30:00,14.10705,13.783105,13.74451713,13.74451713,82.74287119,0.0,1167.25782105,0.3,100.0,2.1378,IGNITION,1.16725782,1.14789682,False,-21.67615907,-1.8552,MARKET SEVERE SHOCK,9977.32723332,DEVELOPMENT,0.362532869999999,29.997010564550934,-0.7226106422623284,1.5,0.2839742503900458,0.9297088013012463,0.2839742503900458,2.9709030246002324,0.791362725261299,,2026-01-06 16:45:00,STOP_FIRST,False,,2026-01-06 16:45:00,STOP_FIRST,False,,2026-01-06 16:45:00,STOP_FIRST,False,,2026-01-06 16:45:00,STOP_FIRST,False,,2026-01-06 16:45:00,STOP_FIRST,False,True,False,True,False,FAILED_BEFORE_0_5R
20,SOLUSDT,2026-01-12 03:00:00,2026-01-12 03:45:00,142.49121,142.63359434,141.179879,142.70494681,17.11923709,0.0,2439.34080692,0.225,100.0,2.2154,ADAPTIVE_BREAKOUT,2.43934081,2.44177832,False,-2.44360782,-0.1001,STOP LOSS,9974.8836255,DEVELOPMENT,1.3113309999999956,22.448986292466714,-0.10885158858242121,0.75,1.455612656148613,0.07718112360648016,4.765227086067541,3.562189866631703,1.2936517629797635,2026-01-12 03:15:00,2026-01-12 08:15:00,TARGET_FIRST,True,2026-01-12 03:15:00,2026-01-12 08:15:00,TARGET_FIRST,True,2026-01-13 16:45:00,2026-01-12 08:15:00,STOP_FIRST,False,2026-01-13 22:15:00,2026-01-12 08:15:00,STOP_FIRST,False,2026-01-13 22:15:00,2026-01-12 08:15:00,STOP_FIRST,False,False,True,True,True,ONE_R_BREAKEVEN_TRAP
21,SOLUSDT,2026-01-12 16:00:00,2026-01-12 17:00:00,142.65129,142.7938343,141.20035204,142.86526694,15.46826172,0.0,2206.56748903,0.225,100.0,2.2329,ADAPTIVE_BREAKOUT,2.20656749,2.2087724,False,-2.21042733,-0.1001,STOP LOSS,9972.67319817,DEVELOPMENT,1.450937959999976,22.44348810476252,-0.09848858250919322,1.0,1.1569826183333514,0.3730621259643549,4.1963958266004155,3.3297702129180458,1.210365810540965,2026-01-12 16:30:00,2026-01-12 17:45:00,TARGET_FIRST,True,2026-01-12 16:45:00,2026-01-12 17:45:00,TARGET_FIRST,True,2026-01-13 22:15:00,2026-01-12 17:45:00,STOP_FIRST,False,2026-01-13 22:15:00,2026-01-12 17:45:00,STOP_FIRST,False,2026-01-13 22:15:00,2026-01-12 17:45:00,STOP_FIRST,False,False,True,True,True,ONE_R_BREAKEVEN_TRAP
22,LINKUSDT,2026-01-15 13:00:00,2026-01-15 14:45:00,14.097045,14.002995,13.90297959,13.90297959,154.16461636,0.0,2173.2655343,0.3,99.0,2.0838,IGNITION,2.17326553,2.15876635,False,-18.83121406,-0.8656,MARKET SEVERE SHOCK,9953.84198412,DEVELOPMENT,0.19406541000000033,29.918019481396158,-0.6294271608356217,1.75,0.6335750404979478,0.6031213908753702,0.6335750404979478,3.437217379439225,0.448328220881812,2026-01-15 14:15:00,2026-01-15 15:30:00,TARGET_FIRST,True,,2026-01-15 15:30:00,STOP_FIRST,False,,2026-01-15 15:30:00,STOP_FIRST,False,,2026-01-15 15:30:00,STOP_FIRST,False,,2026-01-15 15:30:00,STOP_FIRST,False,False,False,True,False,REACHED_0_5R_NOT_1R
23,LINKUSDT,2026-02-26 10:00:00,2026-02-26 15:00:00,9.30465,9.14006612,9.14463844,9.14463844,139.96579051,0.0,1302.33269271,0.225,100.0,2.107,IGNITION,1.30233269,1.27929658,False,-25.61774201,-1.9651,STOP LOSS,9928.22424211,DEVELOPMENT,0.16001156000000094,22.39614448613843,-1.14384607698238,5.0,0.1584260537176151,1.3414655791119054,0.1584260537176151,6.778572748118908,0.9995145350748382,,2026-02-26 15:00:00,STOP_FIRST,False,,2026-02-26 15:00:00,STOP_FIRST,False,,2026-02-26 15:00:00,STOP_FIRST,False,,2026-02-26 15:00:00,STOP_FIRST,False,,2026-02-26 15:00:00,STOP_FIRST,False,True,False,True,False,FAILED_BEFORE_0_5R
24,LINKUSDT,2026-03-05 15:00:00,2026-03-05 15:15:00,9.394695,9.27536,9.2444925,9.2444925,198.2967817,0.0,1862.93778358,0.3,100.0,2.1,IGNITION,1.86293778,1.83927404,False,-27.36595827,-1.4675,MARKET SEVERE SHOCK,9900.85828384,DEVELOPMENT,0.15020250000000068,29.784672353294386,-0.918793329179367,0.25,0.10189577403837892,1.029909622010283,0.10189577403837892,4.824786538173448,0.36377556964764673,,2026-03-05 15:15:00,STOP_FIRST,False,,2026-03-05 15:15:00,STOP_FIRST,False,,2026-03-05 15:15:00,STOP_FIRST,False,,2026-03-05 15:15:00,STOP_FIRST,False,,2026-03-05 15:15:00,STOP_FIRST,False,True,False,True,False,FAILED_BEFORE_0_5R
25,SOLUSDT,2026-03-10 16:00:00,2026-03-10 18:15:00,88.38417,87.1311526,87.17473997,87.17473997,18.41936338,0.0,1627.98014409,0.225,100.0,2.2477,ADAPTIVE_BREAKOUT,1.62798014,1.60490036,False,-26.31266325,-1.6147,STOP LOSS,9874.54562059,DEVELOPMENT,1.209430029999993,22.276931205254172,-1.181161938669271,2.25,0.34382311476092764,1.1114078257177054,0.34382311476092764,3.327327666901095,0.6109054527114859,,2026-03-10 18:15:00,STOP_FIRST,False,,2026-03-10 18:15:00,STOP_FIRST,False,,2026-03-10 18:15:00,STOP_FIRST,False,,2026-03-10 18:15:00,STOP_FIRST,False,,2026-03-10 18:15:00,STOP_FIRST,False,True,False,True,False,FAILED_BEFORE_0_5R
26,SOLUSDT,2026-03-13 13:00:00,2026-03-13 15:00:00,91.0455,91.13647722,89.81895996,91.18206825,24.15219718,0.0,2198.94886827,0.3,100.0,2.2739,ADAPTIVE_BREAKOUT,2.19894887,2.20114617,False,-2.20279538,-0.1001,STOP LOSS,9872.34282521,DEVELOPMENT,1.2265400400000033,29.62363689524517,-0.07435938361618138,2.0,1.5772008551795786,0.4773590595542309,1.5772008551795786,3.6978001957441085,0.0844022833530908,2026-03-13 13:30:00,2026-03-13 15:45:00,TARGET_FIRST,True,2026-03-13 14:00:00,2026-03-13 15:45:00,TARGET_FIRST,True,2026-03-13 14:30:00,2026-03-13 15:45:00,TARGET_FIRST,True,,2026-03-13 15:45:00,STOP_FIRST,False,,2026-03-13 15:45:00,STOP_FIRST,False,False,True,True,False,ONE_R_BREAKEVEN_TRAP
27,LINKUSDT,2026-03-15 00:00:00,2026-03-15 13:15:00,9.174585,9.1837527,9.05514741,9.18834688,185.97805569,0.0,1706.2714801,0.225,100.0,2.0772,IGNITION,1.70627148,1.70797647,False,-1.70925618,-0.1001,STOP LOSS,9870.63356903,DEVELOPMENT,0.11943759000000043,22.212770764499464,-0.07694925581871757,13.25,1.2174977743606459,0.5407426589903629,7.58065362839284,0.5407426589903629,5.410753013351981,2026-03-15 03:00:00,,TARGET_FIRST,True,2026-03-15 09:15:00,,TARGET_FIRST,True,2026-03-15 22:15:00,,TARGET_FIRST,True,2026-03-15 22:45:00,,TARGET_FIRST,True,2026-03-15 23:15:00,,TARGET_FIRST,True,False,True,True,True,REACHED_2R
28,SOLUSDT,2026-03-15 22:00:00,2026-03-16 01:15:00,90.045,91.5270037,88.57988168,91.57279009,20.21126915,5.05281729,1819.92373065,0.3,100.0,2.2956,ADAPTIVE_BREAKOUT,1.81992373,1.85695967,True,33.35905525,1.8312,STOP LOSS,9903.99262428,DEVELOPMENT,1.465118320000002,29.611900702115868,1.1265421826710496,3.25,2.1738858606313776,0.13992044000923967,5.211183216929534,0.13992044000923967,4.199658291079183,2026-03-15 22:15:00,,TARGET_FIRST,True,2026-03-15 22:45:00,,TARGET_FIRST,True,2026-03-15 22:45:00,,TARGET_FIRST,True,2026-03-15 23:15:00,,TARGET_FIRST,True,2026-03-16 13:45:00,,TARGET_FIRST,True,False,False,False,False,REACHED_2R
29,SOLUSDT,2026-03-16 21:00:00,2026-03-16 23:15:00,95.817885,95.91363102,94.70658914,95.96161183,25.84066801,0.0,2475.99815607,0.29,100.0,2.2841,ADAPTIVE_BREAKOUT,2.47599816,2.4784723,False,-2.4803293,-0.1001,STOP LOSS,9901.51229499,DEVELOPMENT,1.1112958599999985,28.7166273791474,-0.08637258363428475,2.25,1.6756248871475192,0.3670354715440116,1.6756248871475192,6.540009066532487,0.9325770186888012,2026-03-16 21:45:00,2026-03-17 03:30:00,TARGET_FIRST,True,2026-03-16 22:15:00,2026-03-17 03:30:00,TARGET_FIRST,True,2026-03-16 22:15:00,2026-03-17 03:30:00,TARGET_FIRST,True,,2026-03-17 03:30:00,STOP_FIRST,False,,2026-03-17 03:30:00,STOP_FIRST,False,False,True,True,False,ONE_R_BREAKEVEN_TRAP
30,SOLUSDT,2026-03-17 19:00:00,2026-03-18 00:30:00,95.377665,94.20306068,94.25018577,94.25018577,25.95343547,0.0,2475.37807375,0.2955,100.0,2.2261,ADAPTIVE_BREAKOUT,2.47537807,2.44489306,False,-35.4052885,-1.4289,STOP LOSS,9866.10700648,DEVELOPMENT,1.1274792299999916,29.26195943957007,-1.2099425048112973,5.5,0.21493522324133021,1.1154662245973241,0.2415432521981043,7.430438430338141,1.2833401108417966,,2026-03-18 00:30:00,STOP_FIRST,False,,2026-03-18 00:30:00,STOP_FIRST,False,,2026-03-18 00:30:00,STOP_FIRST,False,,2026-03-18 00:30:00,STOP_FIRST,False,,2026-03-18 00:30:00,STOP_FIRST,False,True,False,True,False,FAILED_BEFORE_0_5R
31,SOLUSDT,2026-03-24 08:00:00,2026-03-24 13:45:00,91.755855,90.72553987,90.77092533,90.77092533,22.53840192,0.0,2068.0303389,0.225,100.0,2.2762,ADAPTIVE_BREAKOUT,2.06803034,2.04480868,False,-27.33449558,-1.3204,STOP LOSS,9838.7725109,DEVELOPMENT,0.9849296699999996,22.198740765392955,-1.2313534298582154,5.75,0.4712468454727353,1.9350163347196183,1.7403729953632148,3.3868966501943194,2.7864528946518528,2026-03-25 05:15:00,2026-03-24 13:45:00,STOP_FIRST,False,2026-03-25 05:15:00,2026-03-24 13:45:00,STOP_FIRST,False,2026-03-25 11:30:00,2026-03-24 13:45:00,STOP_FIRST,False,,2026-03-24 13:45:00,STOP_FIRST,False,,2026-03-24 13:45:00,STOP_FIRST,False,True,True,True,False,ONE_R_BREAKEVEN_TRAP
32,LINKUSDT,2026-03-25 20:00:00,2026-03-26 02:45:00,9.354675,9.26310398,9.26773785,9.26773785,254.63495354,0.0,2382.02723396,0.225,95.0,2.0279,IGNITION,2.38202723,2.35871005,False,-28.05792043,-1.1767,STOP LOSS,9810.71459047,DEVELOPMENT,0.08693715000000068,22.137237151150185,-1.2674535778075717,6.75,0.521353644558163,1.4340819776125497,0.521353644558163,10.061003840130404,0.19434752577004052,2026-03-25 22:45:00,2026-03-26 02:45:00,TARGET_FIRST,True,,2026-03-26 02:45:00,STOP_FIRST,False,,2026-03-26 02:45:00,STOP_FIRST,False,,2026-03-26 02:45:00,STOP_FIRST,False,,2026-03-26 02:45:00,STOP_FIRST,False,False,False,True,False,REACHED_0_5R_NOT_1R
33,SOLUSDT,2026-04-09 18:00:00,2026-04-09 18:30:00,84.692325,83.72767496,83.76955974,83.76955974,23.92169365,0.0,2025.98385323,0.225,100.0,2.2441,ADAPTIVE_BREAKOUT,2.02598385,2.00290779,False,-27.10495435,-1.3365,STOP LOSS,9783.60963612,DEVELOPMENT,0.9227652599999914,22.074107860582394,-1.2279071263578067,0.5,0.008317391575844723,1.0537078519839456,1.3629414267286328,2.245777002918393,2.408331930484706,2026-04-09 22:30:00,2026-04-09 18:30:00,STOP_FIRST,False,2026-04-09 22:30:00,2026-04-09 18:30:00,STOP_FIRST,False,,2026-04-09 18:30:00,STOP_FIRST,False,,2026-04-09 18:30:00,STOP_FIRST,False,,2026-04-09 18:30:00,STOP_FIRST,False,True,True,True,False,ONE_R_BREAKEVEN_TRAP
34,LINKUSDT,2026-04-10 05:00:00,2026-04-10 08:00:00,8.974485,8.88774116,8.89218726,8.89218726,272.53958406,0.0,2445.90240903,0.2293,95.0,2.0256,IGNITION,2.44590241,2.42226128,False,-28.50929304,-1.1644,STOP LOSS,9755.10034308,DEVELOPMENT,0.08229773999999956,22.429391828677904,-1.2710684827195546,3.0,0.31003281499589824,1.148087420140569,3.7123133636476697,2.7277176748717618,3.5512377375126234,2026-04-10 11:45:00,2026-04-10 08:00:00,STOP_FIRST,False,2026-04-10 14:15:00,2026-04-10 08:00:00,STOP_FIRST,False,2026-04-10 14:30:00,2026-04-10 08:00:00,STOP_FIRST,False,2026-04-10 14:45:00,2026-04-10 08:00:00,STOP_FIRST,False,2026-04-11 18:45:00,2026-04-10 08:00:00,STOP_FIRST,False,True,False,True,True,FAILED_BEFORE_0_5R
35,SOLUSDT,2026-04-10 13:00:00,2026-04-10 16:00:00,84.152055,84.23614394,83.37475661,84.27828308,28.98057672,0.0,2438.77508577,0.2309,100.0,2.216,ADAPTIVE_BREAKOUT,2.43877509,2.44121203,False,-2.44304111,-0.1001,STOP LOSS,9752.65730197,DEVELOPMENT,0.7772983899999986,22.526555625727436,-0.10845160487872448,3.0,1.837061569109897,0.7230878221682692,2.711886486732598,2.9744754778149036,1.8446661905474926,2026-04-10 14:15:00,2026-04-12 01:45:00,TARGET_FIRST,True,2026-04-10 14:30:00,2026-04-12 01:45:00,TARGET_FIRST,True,2026-04-10 15:15:00,2026-04-12 01:45:00,TARGET_FIRST,True,2026-04-11 18:45:00,2026-04-12 01:45:00,TARGET_FIRST,True,,2026-04-12 01:45:00,STOP_FIRST,False,False,True,True,True,REACHED_2R
36,LINKUSDT,2026-04-21 16:00:00,2026-04-21 17:15:00,9.42471,9.3184933,9.32315488,9.32315488,216.07456241,0.0,2036.4400891,0.225,100.0,2.0516,IGNITION,2.03644009,2.01348936,False,-27.00065669,-1.3246,STOP LOSS,9725.65664528,DEVELOPMENT,0.10155511999999867,21.943478114494752,-1.2304638557806717,1.25,0.15055863259282692,1.0310656912226617,1.332182956408333,2.803502176945903,2.3780849257034364,2026-04-22 02:30:00,2026-04-21 17:15:00,STOP_FIRST,False,2026-04-22 02:30:00,2026-04-21 17:15:00,STOP_FIRST,False,,2026-04-21 17:15:00,STOP_FIRST,False,,2026-04-21 17:15:00,STOP_FIRST,False,,2026-04-21 17:15:00,STOP_FIRST,False,True,True,True,False,ONE_R_BREAKEVEN_TRAP
37,SOLUSDT,2026-04-22 03:00:00,2026-04-22 17:00:00,87.46371,87.55110811,86.43482445,87.59490556,27.7991199,0.0,2431.41416132,0.2941,100.0,2.2556,ADAPTIVE_BREAKOUT,2.43141416,2.43384375,False,-2.43566731,-0.1001,STOP LOSS,9723.22097797,DEVELOPMENT,1.0288855500000125,28.602112767827794,-0.08515690186144868,14.0,1.8041754012387137,0.4798492893597361,1.8041754012387137,2.899943535993839,0.7959018279535497,2026-04-22 05:30:00,2026-04-23 00:30:00,TARGET_FIRST,True,2026-04-22 09:15:00,2026-04-23 00:30:00,TARGET_FIRST,True,2026-04-22 14:00:00,2026-04-23 00:30:00,TARGET_FIRST,True,,2026-04-23 00:30:00,STOP_FIRST,False,,2026-04-23 00:30:00,STOP_FIRST,False,False,True,True,False,ONE_R_BREAKEVEN_TRAP
38,LINKUSDT,2026-04-26 15:00:00,2026-04-27 01:30:00,9.48474,9.49421763,9.39050269,9.49896711,256.28591237,0.0,2430.80524449,0.2484,100.0,2.039,IGNITION,2.43080524,2.43323423,False,-2.43505733,-0.1001,STOP LOSS,9720.78592064,DEVELOPMENT,0.09423731000000046,24.151694972644645,-0.10082345494831983,10.5,1.1169673667467688,0.686989049241751,1.2230824500402089,3.552096298164691,1.1225105003527742,2026-04-26 19:30:00,2026-04-27 05:30:00,TARGET_FIRST,True,2026-04-27 01:15:00,2026-04-27 05:30:00,TARGET_FIRST,True,,2026-04-27 05:30:00,STOP_FIRST,False,,2026-04-27 05:30:00,STOP_FIRST,False,,2026-04-27 05:30:00,STOP_FIRST,False,False,True,True,False,ONE_R_BREAKEVEN_TRAP
1,LINKUSDT,2026-05-04 18:00:00,2026-05-06 14:00:00,9.474735,9.97967652,9.31810211,9.98466885,191.53066082,47.8826652,1814.7022556,0.3,95.0,2.1033,IGNITION,1.81470226,1.90200175,True,83.58279492,4.6013,STOP LOSS,10083.58279492,VALIDATION,0.1566328900000009,30.000000927846546,2.7860930778311053,44.0,5.013410657238045,0.9878831961792929,5.013410657238045,0.9878831961792929,0.9597184856896911,2026-05-05 05:15:00,,TARGET_FIRST,True,2026-05-05 07:45:00,,TARGET_FIRST,True,2026-05-05 11:45:00,,TARGET_FIRST,True,2026-05-05 12:15:00,,TARGET_FIRST,True,2026-05-06 08:15:00,,TARGET_FIRST,True,False,False,False,False,REACHED_2R
2,LINKUSDT,2026-05-07 07:00:00,2026-05-07 14:45:00,10.06503,9.89921777,9.90416985,9.90416985,141.04215097,0.0,1419.5934808,0.225,100.0,2.0999,IGNITION,1.41959348,1.39620697,False,-26.20231445,-1.8439,STOP LOSS,10057.38048048,VALIDATION,0.16086014999999954,22.68806156135678,-1.154894365000703,7.75,0.4038912061191092,1.6475802117553675,3.387849632118339,1.8340776133803272,0.875184002998876,2026-05-08 17:30:00,2026-05-07 14:45:00,STOP_FIRST,False,2026-05-08 17:45:00,2026-05-07 14:45:00,STOP_FIRST,False,2026-05-08 18:00:00,2026-05-07 14:45:00,STOP_FIRST,False,2026-05-08 18:15:00,2026-05-07 14:45:00,STOP_FIRST,False,2026-05-09 02:00:00,2026-05-07 14:45:00,STOP_FIRST,False,True,False,True,True,FAILED_BEFORE_0_5R
3,SOLUSDT,2026-05-09 02:00:00,2026-05-09 15:00:00,93.56676,92.8508594,92.32697711,92.89730805,18.25247485,0.0,1707.82493367,0.225,100.0,2.2443,ADAPTIVE_BREAKOUT,1.70782493,1.69475798,False,-16.46954064,-0.9634,STOP LOSS,10040.91093983,VALIDATION,1.2397828900000007,22.62910601918533,-0.7278034150371143,13.0,0.4865690637172765,0.6426609097662298,2.769226795830354,0.9491661882831767,1.5721628486097203,2026-05-10 09:15:00,,TARGET_FIRST,True,2026-05-10 16:45:00,,TARGET_FIRST,True,2026-05-10 17:30:00,,TARGET_FIRST,True,2026-05-10 17:45:00,,TARGET_FIRST,True,,,NEITHER,False,False,False,True,True,REACHED_2R
4,SOLUSDT,2026-05-11 16:00:00,2026-05-12 01:30:00,96.838395,96.93516077,95.588321,96.98365259,24.09675978,0.0,2333.49154185,0.3,100.0,2.2956,ADAPTIVE_BREAKOUT,2.33349154,2.33582328,False,-2.3375734,-0.1001,STOP LOSS,10038.57336643,VALIDATION,1.2500740000000121,30.12273288522401,-0.07760163757076109,9.5,1.2572095731932476,0.2706999745615078,1.2572095731932476,5.2544049392275545,0.05186831339584968,2026-05-11 16:15:00,2026-05-12 01:45:00,TARGET_FIRST,True,2026-05-11 18:15:00,2026-05-12 01:45:00,TARGET_FIRST,True,,2026-05-12 01:45:00,STOP_FIRST,False,,2026-05-12 01:45:00,STOP_FIRST,False,,2026-05-12 01:45:00,STOP_FIRST,False,False,True,True,False,ONE_R_BREAKEVEN_TRAP
5,SOLUSDT,2026-06-15 11:00:00,2026-06-15 22:30:00,71.91594,73.93731852,71.25385983,73.97430568,34.11488685,8.52872171,2453.4041557,0.225,100.0,2.2154,ADAPTIVE_BREAKOUT,2.45340416,2.51610455,True,57.73088879,2.3507,STOP LOSS,10096.30425522,VALIDATION,0.6620801700000101,22.586790085179107,2.5559580875496595,11.5,6.304463098479348,0.4016734106384676,6.304463098479348,0.4016734106384676,2.586818874215753,2026-06-15 11:30:00,,TARGET_FIRST,True,2026-06-15 11:30:00,,TARGET_FIRST,True,2026-06-15 12:45:00,,TARGET_FIRST,True,2026-06-15 13:15:00,,TARGET_FIRST,True,2026-06-15 13:30:00,,TARGET_FIRST,True,False,False,False,False,REACHED_2R
6,LINKUSDT,2026-07-03 06:00:00,2026-07-04 09:45:00,7.7768865,7.89007542,7.68535427,7.89402243,248.18236249,62.04559062,1930.08606437,0.225,95.0,2.0641,IGNITION,1.93008606,1.96226609,True,28.28766964,1.4642,STOP LOSS,10124.59192485,VALIDATION,0.09153222999999944,22.716685085377915,1.2452375658545345,27.75,2.8745448461159633,0.30466317711258994,4.360360279652346,0.30466317711258994,3.1237584837603354,2026-07-03 08:45:00,,TARGET_FIRST,True,2026-07-03 10:45:00,,TARGET_FIRST,True,2026-07-03 19:00:00,,TARGET_FIRST,True,2026-07-03 19:30:00,,TARGET_FIRST,True,2026-07-04 15:15:00,,TARGET_FIRST,True,False,False,False,False,REACHED_2R
7,LINKUSDT,2026-07-10 02:00:00,2026-07-10 14:30:00,7.881939,7.90251227,7.74093787,7.9064655,161.56133697,0.0,1273.41660279,0.225,99.0,2.0879,IGNITION,1.2734166,1.27674045,False,0.77368717,0.0607,STOP LOSS,10125.36561203,VALIDATION,0.14100113000000025,22.78033107708082,0.033962946692131395,12.5,0.9791481812947123,0.07758093853573775,1.6883623556775662,0.19814734818082583,1.1523860127929422,2026-07-10 08:30:00,,TARGET_FIRST,True,2026-07-11 13:00:00,,TARGET_FIRST,True,2026-07-11 17:30:00,,TARGET_FIRST,True,,,NEITHER,False,,,NEITHER,False,False,True,True,False,ONE_R_BREAKEVEN_TRAP
8,LINKUSDT,2026-07-16 02:00:00,2026-07-16 08:15:00,8.5192575,8.45703752,8.45059359,8.46126815,297.13169287,0.0,2531.34140301,0.2015,95.0,2.0016,IGNITION,2.5313414,2.50598344,False,-30.39528378,-1.1996,STOP LOSS,10094.97032825,VALIDATION,0.06866390999999972,20.402223817373237,-1.48980248683074,6.25,0.7389981141475972,1.605756211669273,0.7389981141475972,7.474923871943821,0.5383101544901804,2026-07-16 04:15:00,2026-07-16 08:15:00,TARGET_FIRST,True,,2026-07-16 08:15:00,STOP_FIRST,False,,2026-07-16 08:15:00,STOP_FIRST,False,,2026-07-16 08:15:00,STOP_FIRST,False,,2026-07-16 08:15:00,STOP_FIRST,False,False,False,True,False,REACHED_0_5R_NOT_1R
