symbol,feature,false_n,runner_n,false_median,runner_median,median_difference,cliffs_delta,abs_cliffs_delta,direction,windows_tested,same_direction_windows,direction_consistency_pct
LINKUSDT,setup_score,38,22,97.0,100.0,3.0,0.40669856459330145,0.40669856459330145,RUNNER_HIGHER,5,4,80.0
LINKUSDT,adx14,38,22,26.145007680757388,19.174096578105285,-6.970911102652103,-0.3827751196172249,0.3827751196172249,RUNNER_LOWER,5,5,100.0
LINKUSDT,volume_ratio,38,22,0.7451004234801033,1.0413683016524238,0.2962678781723205,0.35406698564593303,0.35406698564593303,RUNNER_HIGHER,5,3,60.0
LINKUSDT,upper_wick_atr,38,22,0.1325299412163278,0.2134702641281998,0.080940322911872,0.3181818181818182,0.3181818181818182,RUNNER_HIGHER,5,5,100.0
LINKUSDT,ema50_slope_12h,38,22,1.2438556832982006,0.5415217184006393,-0.7023339648975613,-0.3062200956937799,0.3062200956937799,RUNNER_LOWER,5,5,100.0
LINKUSDT,close_location,38,22,0.8867302052785873,0.8145427363645765,-0.07218746891401073,-0.25478468899521534,0.25478468899521534,RUNNER_LOWER,5,4,80.0
LINKUSDT,momentum_72h,38,22,6.03422535362137,4.178810758501861,-1.855414595119509,-0.215311004784689,0.215311004784689,RUNNER_LOWER,5,4,80.0
LINKUSDT,ema200_distance_atr,38,22,3.600983104041992,3.2794462987352877,-0.3215368053067045,-0.20574162679425836,0.20574162679425836,RUNNER_LOWER,5,4,80.0
LINKUSDT,candle_range_atr,38,22,1.0354158571873435,1.1536729032392845,0.11825704605194098,0.20334928229665072,0.20334928229665072,RUNNER_HIGHER,5,4,80.0
LINKUSDT,lower_wick_atr,38,22,0.26408319646598777,0.3378922800619177,0.07380908359592991,0.18660287081339713,0.18660287081339713,RUNNER_HIGHER,5,4,80.0
LINKUSDT,btc_score,38,22,90.125,82.05,-8.075000000000003,-0.18181818181818182,0.18181818181818182,RUNNER_LOWER,5,2,40.0
LINKUSDT,ema50_distance_atr,38,22,1.6922452080428931,1.5332632869610672,-0.15898192108182596,-0.16507177033492823,0.16507177033492823,RUNNER_LOWER,5,4,80.0
LINKUSDT,breadth_score,38,22,88.88888888888889,86.11111111111111,-2.7777777777777715,-0.16507177033492823,0.16507177033492823,RUNNER_LOWER,5,3,60.0
LINKUSDT,market_score,38,22,87.755,81.95166666666665,-5.803333333333342,-0.14832535885167464,0.14832535885167464,RUNNER_LOWER,5,2,40.0
LINKUSDT,relative_strength_pct,38,22,83.33333333333334,83.33333333333334,0.0,-0.1375598086124402,0.1375598086124402,SAME,5,3,60.0
LINKUSDT,market_risk_multiplier,38,22,1.0,1.0,0.0,-0.12679425837320574,0.12679425837320574,SAME,5,4,80.0
LINKUSDT,atr_percent,38,22,1.3800219605905157,1.335368757131219,-0.0446532034592968,-0.11483253588516747,0.11483253588516747,RUNNER_LOWER,5,1,20.0
LINKUSDT,ema20_distance_atr,38,22,0.6861672975792867,0.6437065205346871,-0.04246077704459961,-0.09330143540669857,0.09330143540669857,RUNNER_LOWER,5,4,80.0
LINKUSDT,candle_body_atr,38,22,0.5167028033910976,0.5420918193576845,0.025389015966586825,0.09090909090909091,0.09090909090909091,RUNNER_HIGHER,5,3,60.0
LINKUSDT,momentum_24h,38,22,2.8097522981068934,2.9463782748792577,0.13662597677236432,-0.0645933014354067,0.0645933014354067,RUNNER_HIGHER,5,2,40.0
LINKUSDT,eth_score,38,22,86.7,88.0,1.2999999999999972,0.06220095693779904,0.06220095693779904,RUNNER_HIGHER,5,2,40.0
LINKUSDT,entry_reward_risk,38,22,2.1083499999999997,2.1050500000000003,-0.0032999999999994145,0.03349282296650718,0.03349282296650718,RUNNER_LOWER,5,2,40.0
LINKUSDT,rsi14,38,22,57.00387635983391,57.06806899662232,0.06419263678841247,-0.023923444976076555,0.023923444976076555,RUNNER_HIGHER,5,2,40.0
LINKUSDT,recent_high_72h_distance_atr,38,22,-1.6781648628807313,-1.6324651363089466,0.04569972657178467,0.011961722488038277,0.011961722488038277,RUNNER_HIGHER,5,3,60.0
SOLUSDT,eth_score,26,18,86.7,70.85,-15.850000000000009,-0.32264957264957267,0.32264957264957267,RUNNER_LOWER,4,3,75.0
SOLUSDT,market_score,26,18,90.17472222222221,80.50333333333333,-9.671388888888885,-0.2692307692307692,0.2692307692307692,RUNNER_LOWER,4,2,50.0
SOLUSDT,candle_range_atr,26,18,1.5124544651463825,1.2882676877201327,-0.22418677742624982,-0.21794871794871795,0.21794871794871795,RUNNER_LOWER,4,3,75.0
SOLUSDT,lower_wick_atr,26,18,0.21867755507155215,0.1331052441300112,-0.08557231094154094,-0.1987179487179487,0.1987179487179487,RUNNER_LOWER,4,3,75.0
SOLUSDT,momentum_72h,26,18,7.735036676686791,5.260749952186295,-2.4742867245004962,-0.18376068376068377,0.18376068376068377,RUNNER_LOWER,4,3,75.0
SOLUSDT,ema50_distance_atr,26,18,2.8794733763893956,2.3524446146119753,-0.5270287617774203,-0.1794871794871795,0.1794871794871795,RUNNER_LOWER,4,3,75.0
SOLUSDT,volume_ratio,26,18,1.6346676789157977,1.3873537543086591,-0.24731392460713852,-0.17094017094017094,0.17094017094017094,RUNNER_LOWER,4,3,75.0
SOLUSDT,recent_high_72h_distance_atr,26,18,-0.0506127744263365,-0.2113223779751739,-0.1607096035488374,-0.17094017094017094,0.17094017094017094,RUNNER_LOWER,4,3,75.0
SOLUSDT,breadth_score,26,18,94.44444444444444,86.11111111111111,-8.333333333333329,-0.15598290598290598,0.15598290598290598,RUNNER_LOWER,4,3,75.0
SOLUSDT,candle_body_atr,26,18,1.0818263726916455,0.885934540919055,-0.1958918317725905,-0.14957264957264957,0.14957264957264957,RUNNER_LOWER,4,2,50.0
SOLUSDT,rsi14,26,18,66.8261202561345,65.45846173872847,-1.3676585174060278,-0.1452991452991453,0.1452991452991453,RUNNER_LOWER,4,3,75.0
SOLUSDT,adx14,26,18,25.482943511203164,24.09743610888169,-1.3855074023214726,-0.13675213675213677,0.13675213675213677,RUNNER_LOWER,4,2,50.0
SOLUSDT,upper_wick_atr,26,18,0.2221111818565905,0.1372952187999075,-0.08481596305668301,-0.1282051282051282,0.1282051282051282,RUNNER_LOWER,4,3,75.0
SOLUSDT,btc_score,26,18,91.45,86.27499999999999,-5.175000000000011,-0.1282051282051282,0.1282051282051282,RUNNER_LOWER,4,3,75.0
SOLUSDT,ema200_distance_atr,26,18,4.237750423330568,4.569353455006838,0.3316030316762699,0.0811965811965812,0.0811965811965812,RUNNER_HIGHER,4,3,75.0
SOLUSDT,market_risk_multiplier,26,18,1.0,1.0,0.0,-0.0811965811965812,0.0811965811965812,SAME,4,3,75.0
SOLUSDT,ema20_distance_atr,26,18,1.9069410791144041,1.7603275464678347,-0.1466135326465694,-0.07264957264957266,0.07264957264957266,RUNNER_LOWER,4,3,75.0
SOLUSDT,entry_reward_risk,26,18,2.26995,2.2721,0.0021499999999998742,0.07264957264957266,0.07264957264957266,RUNNER_HIGHER,4,2,50.0
SOLUSDT,setup_score,26,18,100.0,100.0,0.0,-0.05555555555555555,0.05555555555555555,SAME,4,4,100.0
SOLUSDT,relative_strength_pct,26,18,83.33333333333334,83.33333333333334,0.0,-0.04700854700854701,0.04700854700854701,SAME,4,2,50.0
SOLUSDT,close_location,26,18,0.8860646805114261,0.895137880986937,0.009073200475510967,0.042735042735042736,0.042735042735042736,RUNNER_HIGHER,4,2,50.0
SOLUSDT,momentum_24h,26,18,4.122864665165061,3.8449974931870745,-0.27786717197798616,-0.029914529914529916,0.029914529914529916,RUNNER_LOWER,4,2,50.0
SOLUSDT,ema50_slope_12h,26,18,0.793113284240099,0.7635455080539755,-0.029567776186123496,-0.021367521367521368,0.021367521367521368,RUNNER_LOWER,4,1,25.0
SOLUSDT,atr_percent,26,18,1.133472244603411,1.0822828824181605,-0.05118936218525039,-0.004273504273504274,0.004273504273504274,RUNNER_LOWER,4,2,50.0
