window,symbol,route,entry_time,exit_time,exit_reason,profit,realized_r,strict_mfe_r,strict_mae_r,strict_mfe_percent,strict_mae_percent,reached_0_5r,reached_1r,reached_2r,partial_profit_taken,bars_before_exit
2021,LINKUSDT,IGNITION,2021-01-06 03:00:00,2021-01-06 09:15:00,MARKET SEVERE SHOCK,-3.1849852,-0.10377778458934205,0.7913625008039245,0.716936741179292,2.1020557064053675,1.904362370464402,True,False,False,False,25
2021,LINKUSDT,IGNITION,2021-02-02 13:00:00,2021-02-02 15:45:00,STOP LOSS,-36.14106472,-1.1788280270070586,0.6152506081863213,1.120108553792956,0.8527921577337514,1.5525702498710083,True,False,False,False,11
2021,LINKUSDT,IGNITION,2021-02-05 21:00:00,2021-02-06 01:45:00,MARKET SEVERE SHOCK,-28.63428833,-0.9355732790290161,0.5041699810534472,1.5175180160510933,1.6766307583314919,5.0465467553565455,True,False,False,False,19
2021,LINKUSDT,IGNITION,2021-02-09 17:00:00,2021-02-10 04:15:00,MARKET SEVERE SHOCK,46.92564473,1.543542068428021,3.7632583899690206,0.02185628717720066,9.339243907330296,0.054240547872189245,True,True,True,True,45
2021,LINKUSDT,IGNITION,2021-02-18 10:00:00,2021-02-18 11:45:00,STOP LOSS,-35.1134547,-1.1568937657887857,0.3805592018466701,1.2485486328785376,0.6005354261642097,1.970252411961261,False,False,False,False,7
2021,LINKUSDT,IGNITION,2021-02-20 03:00:00,2021-02-20 15:00:00,MARKET SEVERE SHOCK,24.09748719,0.8015536733641448,2.2977202087583395,0.5480450928143531,6.5722094071786,1.5675829897927243,True,True,True,True,48
2021,LINKUSDT,IGNITION,2021-03-03 22:00:00,2021-03-04 00:00:00,STOP LOSS,-34.01179231,-1.128618828807142,0.24873631543700261,1.0113576388526846,0.4778084719772033,1.942761141225726,False,False,False,False,8
2021,LINKUSDT,IGNITION,2021-03-13 23:00:00,2021-03-14 01:15:00,STOP LOSS,-35.11686776,-1.169247624608246,0.682079549215812,1.4375623807101734,0.9984693631803191,2.104390897586518,True,False,False,False,9
2021,LINKUSDT,IGNITION,2021-03-19 09:00:00,2021-03-20 00:15:00,STOP LOSS,-28.15487716,-0.9407417941013608,0.647915171938098,0.8312996579950971,1.4263862843757982,1.830107522908548,True,False,False,False,61
2021,LINKUSDT,IGNITION,2021-04-01 19:00:00,2021-04-02 00:30:00,STOP LOSS,-32.85500286,-1.1008945447423002,0.5647892903393006,1.2434888761467329,1.3786845219386037,3.0354309050662174,True,False,False,False,22
2021,LINKUSDT,IGNITION,2021-04-03 10:00:00,2021-04-03 15:00:00,STOP LOSS,-32.2637948,-1.0848754828437073,0.06748885613905131,1.081991139343028,0.19529774100487401,3.131041736218017,False,False,False,False,20
2021,LINKUSDT,IGNITION,2021-04-11 15:00:00,2021-04-12 09:45:00,MARKET SEVERE SHOCK,13.23229077,0.5979245306145872,3.9047898081128696,0.03456563211856257,5.645547542037846,0.049975012493756917,True,True,True,True,75
2021,LINKUSDT,IGNITION,2021-04-27 15:00:00,2021-04-27 19:30:00,STOP LOSS,-0.92728892,-0.04176119310613311,1.4995994415400855,0.1802154747324875,3.597173591855113,0.4322930034473527,True,True,False,False,18
2022,LINKUSDT,IGNITION,2022-02-06 01:00:00,2022-02-06 04:15:00,STOP LOSS,-1.54690852,-0.06875148900596731,1.1563572262359907,0.37997283153925887,1.6848798445122504,0.5536425516245198,True,True,False,False,13
2022,SOLUSDT,ADAPTIVE_BREAKOUT,2022-02-16 20:00:00,2022-02-17 00:00:00,STOP LOSS,-34.46880934,-1.1491380756283478,0.13905370051257382,1.0218174830256959,0.23072910571636834,1.6954819123461626,False,False,False,False,16
2022,LINKUSDT,IGNITION,2022-03-01 23:00:00,2022-03-02 00:45:00,STOP LOSS,-33.61475241,-1.1245418544236576,0.40360726466688485,1.2456541960510104,0.8003851477402691,2.4702308531598045,False,False,False,False,7
2022,SOLUSDT,ADAPTIVE_BREAKOUT,2022-03-17 13:00:00,2022-03-17 21:00:00,STOP LOSS,-2.12780889,-0.07142429394801994,1.1992378861258712,0.6968848615312498,1.6819706412863968,0.9774039754857038,True,True,False,False,32
2022,LINKUSDT,IGNITION,2022-03-18 09:00:00,2022-03-19 22:30:00,STOP LOSS,30.03789441,1.3446666251220778,2.89156861415409,0.3461514076005572,5.571356982688361,0.6669504753795887,True,True,True,True,150
2022,LINKUSDT,IGNITION,2022-03-23 15:00:00,2022-03-24 13:45:00,STOP LOSS,5.44924085,0.2432031345988954,1.4200255517075213,0.42118316499082187,3.3921814602902582,1.0061295882670922,True,True,False,False,91
2022,LINKUSDT,IGNITION,2022-03-27 00:00:00,2022-03-27 01:45:00,STOP LOSS,-2.49528948,-0.11824862836709453,1.0589789053876368,0.35711703734842004,0.8971193493587999,0.30253350898777703,True,True,False,False,7
2022,LINKUSDT,IGNITION,2022-03-31 01:00:00,2022-03-31 14:15:00,MARKET SEVERE SHOCK,1.55566651,0.052057358872850644,2.2122120376398415,0.9557479193463089,3.9825908371462626,1.7206094359160644,True,True,True,True,53
2022,LINKUSDT,IGNITION,2022-04-03 05:00:00,2022-04-03 20:30:00,STOP LOSS,10.68931387,0.4768550360896641,1.4132989910069647,0.2489464386240499,3.1705741250347295,0.5584827710508634,True,True,False,False,62
2022,SOLUSDT,ADAPTIVE_BREAKOUT,2022-04-20 12:00:00,2022-04-20 13:45:00,STOP LOSS,-26.56734094,-1.1839106142229852,0.17106058995838846,2.051246660320347,0.23060551586019748,2.765270448177152,False,False,False,False,7
2022,LINKUSDT,IGNITION,2022-05-05 13:00:00,2022-05-05 14:00:00,STOP LOSS,-31.86936008,-1.423975718831908,0.0,1.6246683502539396,0.0,2.38408735582167,False,False,False,False,4
2022,LINKUSDT,IGNITION,2022-05-31 11:00:00,2022-05-31 13:45:00,MARKET SEVERE SHOCK,-43.14409937,-1.9339460428253776,0.8263507595877031,2.2379315634676984,1.163992902334255,3.1523374614986768,True,False,False,False,11
2022,SOLUSDT,ADAPTIVE_BREAKOUT,2022-07-07 14:00:00,2022-07-08 02:30:00,STOP LOSS,19.01002943,0.8558538768811598,3.225073222594383,0.41301923298320126,5.3613320728171,0.6865993754714982,True,True,True,True,50
2022,LINKUSDT,IGNITION,2022-07-09 17:00:00,2022-07-09 19:15:00,STOP LOSS,-0.92828009,-0.04171193632132931,1.493205954865046,0.04531647895993477,1.6467075104423023,0.049975012493751726,True,True,False,False,9
2022,LINKUSDT,IGNITION,2022-07-17 12:00:00,2022-07-17 13:00:00,STOP LOSS,-26.75867433,-1.202504417676783,0.14645805563620887,1.0394371317015194,0.17944356054566327,1.273540735370644,False,False,False,False,4
2022,LINKUSDT,IGNITION,2022-07-19 03:00:00,2022-07-19 04:15:00,STOP LOSS,-32.91656879,-1.1124347197740543,0.6541786752540278,1.1385957080824647,1.2144792806446865,2.113796962213964,True,False,False,False,5
2022,LINKUSDT,IGNITION,2022-07-20 10:00:00,2022-07-20 14:15:00,STOP LOSS,-33.070126,-1.1213666853191728,0.7679887587782133,1.1168260145465059,1.562340694909434,2.271989936982162,True,False,False,False,17
2022,LINKUSDT,IGNITION,2022-07-22 15:00:00,2022-07-22 15:30:00,MARKET SEVERE SHOCK,-35.42057485,-1.205121557015095,0.046596616347585836,1.2149268385272425,0.08989348035189677,2.3438182951625217,False,False,False,False,2
2022,LINKUSDT,IGNITION,2022-07-30 09:00:00,2022-07-30 10:15:00,MARKET SEVERE SHOCK,-17.8058712,-0.8106814050844017,0.5412692748597004,0.9505101291227203,1.1585336261486157,2.0344734085801743,True,False,False,False,5
2022,SOLUSDT,ADAPTIVE_BREAKOUT,2022-08-05 12:00:00,2022-08-05 12:45:00,MARKET SEVERE SHOCK,-25.71658432,-1.1729868585631236,0.4380288903231081,1.2000363767493956,0.7299325221563817,1.9997438491190818,False,False,False,False,3
2022,LINKUSDT,IGNITION,2022-08-11 01:00:00,2022-08-11 08:00:00,STOP LOSS,-33.10471384,-1.1354778875654592,0.7004534748560592,1.2424602316241915,1.2781551240632798,2.2671840007955564,True,False,False,False,28
2022,SOLUSDT,ADAPTIVE_BREAKOUT,2022-08-12 19:00:00,2022-08-13 11:45:00,STOP LOSS,81.5301776,3.741346100449607,7.659268199799574,0.06850209943217375,10.704720899623462,0.09573967594957225,True,True,True,True,67
2022,LINKUSDT,IGNITION,2022-09-11 07:00:00,2022-09-11 13:15:00,STOP LOSS,8.40024504,0.38226177393627503,2.7936783674451844,0.16065674332360644,3.28632623882774,0.18898756463214822,True,True,True,True,25
2022,LINKUSDT,IGNITION,2022-09-12 08:00:00,2022-09-12 14:45:00,STOP LOSS,-24.63715702,-1.1201756505965914,0.5867393364561968,1.2464618611868623,1.2053038390031674,2.560532715487566,True,False,False,False,27
2022,SOLUSDT,ADAPTIVE_BREAKOUT,2022-09-13 03:00:00,2022-09-13 12:45:00,MARKET SEVERE SHOCK,-57.30132624,-2.611897776211134,1.640360835227858,2.9117924106440456,2.8501839821318464,5.059340548665271,True,True,False,False,39
2022,SOLUSDT,ADAPTIVE_BREAKOUT,2022-10-04 08:00:00,2022-10-04 09:00:00,STOP LOSS,-27.78162575,-1.2738225460255737,0.4345569221586881,1.0016172300163275,0.39451071973649376,0.9093140948055529,False,False,False,False,4
2022,LINKUSDT,IGNITION,2022-10-05 14:00:00,2022-10-06 07:00:00,STOP LOSS,-1.15940729,-0.05331308808059855,1.1297814869463356,0.669789298315191,2.1228516176694243,1.2585294695075933,True,True,False,False,68
2022,LINKUSDT,IGNITION,2022-10-18 04:00:00,2022-10-18 08:15:00,STOP LOSS,-23.2584128,-1.069621080616861,0.2183988196549714,1.1264727980672897,0.25128550945789596,1.2960980805665128,False,False,False,False,17
2022,LINKUSDT,IGNITION,2022-10-30 17:00:00,2022-10-30 22:15:00,STOP LOSS,27.76658544,1.2800261463374443,2.8013550935193927,0.2953430880526308,4.0834446896284105,0.4305120644351554,True,True,True,True,21
2022,LINKUSDT,IGNITION,2022-11-04 13:00:00,2022-11-05 09:30:00,STOP LOSS,42.40334949,1.4618700976805419,2.9118329280086037,0.5314127931564674,7.86840994069466,1.4359936877093753,True,True,True,True,82
2022,LINKUSDT,IGNITION,2022-12-01 12:00:00,2022-12-01 14:00:00,STOP LOSS,-2.08413594,-0.09538342828383226,1.4022057741748475,1.409126947557053,1.472644258080256,1.4799131100763052,True,True,False,False,8
2023,LINKUSDT,IGNITION,2023-01-04 16:00:00,2023-01-04 19:30:00,STOP LOSS,-27.08687255,-1.203861029510121,0.5946499796149066,1.0016878800661406,0.7237650742837769,1.219182254735346,True,False,False,False,14
2023,LINKUSDT,IGNITION,2023-01-08 20:00:00,2023-01-08 22:00:00,STOP LOSS,-2.49758956,-0.13701276288905553,1.1985220734139839,0.20911643000353872,0.876282298185046,0.15289249145806777,True,True,False,False,8
2023,LINKUSDT,IGNITION,2023-01-18 08:00:00,2023-01-18 08:30:00,STOP LOSS,-36.05096951,-1.2052646800815814,0.0,1.692788271971999,0.0,2.046352534477764,False,False,False,False,2
2023,LINKUSDT,IGNITION,2023-01-21 17:00:00,2023-01-21 23:00:00,MARKET SEVERE SHOCK,-16.03899704,-0.5381655188650902,0.6836695641561069,0.6499649819898751,1.4501325666497795,1.3786417254494596,True,False,False,False,24
2023,LINKUSDT,IGNITION,2023-01-23 01:00:00,2023-01-23 15:00:00,MARKET SEVERE SHOCK,-32.06772478,-1.0777264474257355,0.5628509087817113,1.3093776809679625,1.6217119830808466,3.772639330369952,True,False,False,False,56
2023,LINKUSDT,IGNITION,2023-01-24 11:00:00,2023-01-24 13:45:00,STOP LOSS,-34.31495049,-1.2177261377809403,0.3999737661491419,1.3382654123565605,0.45602989533218813,1.5258226603193914,False,False,False,False,11
2023,LINKUSDT,IGNITION,2023-01-26 17:00:00,2023-01-27 01:30:00,STOP LOSS,24.10974621,0.8157357695148959,2.4241718452735057,0.28683207248076964,4.402396174842336,0.5208988880773718,True,True,True,True,34
2023,LINKUSDT,IGNITION,2023-01-29 15:00:00,2023-01-29 16:15:00,STOP LOSS,-35.3563306,-1.1933354011413668,0.03480372301841986,1.0399706481226592,0.04464903063750562,1.3341584549894325,False,False,False,False,5
2023,LINKUSDT,IGNITION,2023-02-03 15:00:00,2023-02-04 05:30:00,STOP LOSS,-31.50444194,-1.067148152069002,0.5754393106806518,1.0431400255888172,1.037785281487924,1.8812676593236612,True,False,False,False,58
2023,LINKUSDT,IGNITION,2023-02-08 12:00:00,2023-02-08 15:15:00,STOP LOSS,-40.41585721,-1.3734008643015783,0.801274261379546,1.3844227875765474,0.9735929156927238,1.6821508979802926,True,False,False,False,13
2023,LINKUSDT,IGNITION,2023-02-17 09:00:00,2023-02-17 15:00:00,STOP LOSS,-0.1410236,-0.004812052771250585,1.0514766028919678,0.5431221149969047,1.6172365981332426,0.8353556885742434,True,True,False,False,24
2023,SOLUSDT,ADAPTIVE_BREAKOUT,2023-02-18 02:00:00,2023-02-18 07:15:00,STOP LOSS,-34.68374936,-1.183507184222897,0.05717244933898392,1.1983301438859353,0.07724182032870466,1.618982617303994,False,False,False,False,21
2023,LINKUSDT,IGNITION,2023-02-20 10:00:00,2023-02-20 16:30:00,STOP LOSS,-32.01583404,-1.0963630496049428,0.1474453299419419,1.1027586036100077,0.3765889278260553,2.8165468539964884,False,False,False,False,26
2023,LINKUSDT,IGNITION,2023-03-14 20:00:00,2023-03-14 20:45:00,STOP LOSS,-33.6781148,-1.1570926100178036,0.14948491574894038,1.0373347183790236,0.23559648747054668,1.6348968372956323,False,False,False,False,3
2023,LINKUSDT,IGNITION,2023-03-19 15:00:00,2023-03-19 20:45:00,STOP LOSS,-1.59359775,-0.05494260662122897,1.423902848702416,0.6497760847092221,2.1384044819695354,0.9758278755359158,True,True,False,False,23
2023,LINKUSDT,IGNITION,2023-03-21 20:00:00,2023-03-22 00:45:00,STOP LOSS,-1.55915053,-0.053763826305781526,1.3807669028344571,0.10051729244536951,2.572700461144611,0.18728786451670476,True,True,False,False,19
2023,LINKUSDT,IGNITION,2023-03-23 09:00:00,2023-03-23 19:00:00,STOP LOSS,9.5139755,0.4374948595008683,1.7748582879695105,0.6607187185982614,3.33403179233785,1.241145407794479,True,True,False,False,40
2023,SOLUSDT,ADAPTIVE_BREAKOUT,2023-03-29 05:00:00,2023-03-29 15:15:00,STOP LOSS,11.29711727,0.38923557669800496,2.4438421097902743,0.4602850484872647,3.0570319813789815,0.5757761960722162,True,True,True,True,41
2023,LINKUSDT,IGNITION,2023-03-30 11:00:00,2023-03-30 14:00:00,STOP LOSS,-34.22022446,-1.1776626879723562,0.13856384017100917,1.0240063972364883,0.1933110523845627,1.428596046804181,False,False,False,False,12
2023,LINKUSDT,IGNITION,2023-03-31 08:00:00,2023-04-01 06:45:00,STOP LOSS,-2.40887862,-0.11092483692767877,0.9098150081667933,0.611349977854848,2.332005346015592,1.5669904363488534,True,False,False,False,91
2023,LINKUSDT,IGNITION,2023-04-05 01:00:00,2023-04-05 11:00:00,STOP LOSS,-10.72044386,-0.3703363250219786,0.5037970582292004,0.2940842890129566,1.1334162637983858,0.6616154474312699,True,False,False,False,40
2023,LINKUSDT,IGNITION,2023-04-14 20:00:00,2023-04-15 01:15:00,STOP LOSS,-26.49745927,-0.9163693518994278,0.34469196918600903,0.8589176428139005,0.6715927842447238,1.6735025551553133,False,False,False,False,21
2023,LINKUSDT,IGNITION,2023-04-16 21:00:00,2023-04-17 00:45:00,MARKET SEVERE SHOCK,-22.88791654,-0.7937214799906206,0.581638419515224,1.2110953362432737,1.0730589761299174,2.2343378255309863,True,False,False,False,15
2023,LINKUSDT,IGNITION,2023-04-19 00:00:00,2023-04-19 02:15:00,STOP LOSS,-34.70597335,-1.206428230881466,0.17167186451192767,1.001175270372778,0.2063668562081777,1.2035134216524308,False,False,False,False,9
2023,SOLUSDT,ADAPTIVE_BREAKOUT,2023-04-26 09:00:00,2023-04-26 14:30:00,STOP LOSS,24.88144388,1.1574073854812226,2.9652467494713015,0.24524114395943886,3.3236756959054126,0.2748850597203618,True,True,True,True,22
2023,SOLUSDT,ADAPTIVE_BREAKOUT,2023-04-28 11:00:00,2023-04-28 13:45:00,STOP LOSS,-41.60357357,-1.4476816223222089,0.17276738589221177,1.8512262418656862,0.21432650796681924,2.2965379364086145,False,False,False,False,11
2023,LINKUSDT,IGNITION,2023-04-30 09:00:00,2023-04-30 12:45:00,STOP LOSS,-12.5455854,-0.5846047974493206,0.5535199319434869,0.38905798285939575,0.6425833646369717,0.45165887122957016,True,False,False,False,15
2023,LINKUSDT,IGNITION,2023-05-29 23:00:00,2023-05-30 04:45:00,HARD DRAWDOWN LOCK,-27.88991781,-1.0401546001700384,0.42330008506489786,0.8194010501225498,0.47663207384716405,0.9226381841444177,False,False,False,False,23
2024,SOLUSDT,ADAPTIVE_BREAKOUT,2024-01-27 15:00:00,2024-01-28 17:30:00,STOP LOSS,68.61341028,3.083632996280604,6.737394431641872,0.5166155850954415,7.263441450006708,0.5569522598942235,True,True,True,True,106
2024,SOLUSDT,ADAPTIVE_BREAKOUT,2024-01-30 11:00:00,2024-01-30 12:45:00,STOP LOSS,-2.27028478,-0.07599630441949307,1.5110342555395888,0.29243466748389024,1.9917776797800415,0.38547428117724125,True,True,False,False,7
2024,LINKUSDT,IGNITION,2024-01-30 14:00:00,2024-01-30 23:00:00,STOP LOSS,52.06121663,1.7431127715001322,3.6250039679894366,0.3677446584086293,4.6027112255023335,0.46692982471815364,True,True,True,True,36
2024,LINKUSDT,IGNITION,2024-01-31 16:00:00,2024-01-31 20:15:00,STOP LOSS,-24.02042985,-1.0667570277166367,0.6390039016738166,1.0690782946921396,0.9426531959383215,1.5770953331584796,True,False,False,False,17
2024,LINKUSDT,IGNITION,2024-02-03 11:00:00,2024-02-03 18:00:00,STOP LOSS,-19.79220927,-0.881094853106617,0.11809773055543145,0.9426406757050675,0.24919362279948754,1.9890309819869723,False,False,False,False,28
2024,LINKUSDT,IGNITION,2024-02-04 12:00:00,2024-02-04 19:15:00,STOP LOSS,-0.36179167,-0.01613796538878009,1.1349521026069926,0.2677447210518946,2.988320807380865,0.7049699446768818,True,True,False,False,29
2024,SOLUSDT,ADAPTIVE_BREAKOUT,2024-02-09 03:00:00,2024-02-09 04:00:00,STOP LOSS,-35.60768192,-1.1912720575502778,0.06362491435612257,1.0383263465001538,0.08249685627695567,1.34630687117863,False,False,False,False,4
2024,LINKUSDT,IGNITION,2024-02-10 18:00:00,2024-02-12 02:15:00,STOP LOSS,154.01504929,7.064972831125841,13.845665120914916,0.18042142368298758,12.161015828585015,0.15846893378276866,True,True,True,True,129
2024,LINKUSDT,IGNITION,2024-02-14 03:00:00,2024-02-14 05:00:00,STOP LOSS,-34.32610045,-1.2229506241604866,0.155763830198479,1.106041349311145,0.17346021475104884,1.2316991032551305,False,False,False,False,8
2024,SOLUSDT,ADAPTIVE_BREAKOUT,2024-02-15 01:00:00,2024-02-15 01:45:00,STOP LOSS,-36.15684018,-1.1924502849575913,0.0,1.3929629925324982,0.0,1.795161073472415,False,False,False,False,3
2024,LINKUSDT,IGNITION,2024-02-16 06:00:00,2024-02-16 07:30:00,STOP LOSS,-34.72926192,-1.2191461635157694,0.42757182493885226,1.1927628776864714,0.4843583554228142,1.351175713994307,False,False,False,False,6
2024,LINKUSDT,IGNITION,2024-02-18 10:00:00,2024-02-18 23:45:00,STOP LOSS,-2.1378121,-0.07108996271802735,1.0389694983899276,0.8766344351578457,1.4640420085936021,1.2352909697923935,True,True,False,False,55
2024,LINKUSDT,IGNITION,2024-03-01 23:00:00,2024-03-02 08:30:00,STOP LOSS,81.93752535,2.7335745614835356,4.863829716551364,0.06956988613097037,7.3435336220806295,0.10503838079457704,True,True,True,True,38
2024,LINKUSDT,IGNITION,2024-03-11 21:00:00,2024-03-12 04:00:00,STOP LOSS,-31.44102604,-1.050168790573665,0.5546022360742658,1.3842756079677312,0.9567226552864547,2.387959782992681,True,False,False,False,28
2024,LINKUSDT,IGNITION,2024-03-13 07:00:00,2024-03-13 12:30:00,STOP LOSS,-27.02576622,-0.9055466613336199,0.47393111159136775,0.7168262913048767,0.5882999826250057,0.8898105323868495,False,False,False,False,22
2024,LINKUSDT,IGNITION,2024-03-26 15:00:00,2024-03-26 16:45:00,STOP LOSS,-32.40299013,-1.0886776900754733,0.0,1.0921973815351,0.0,3.0273145062131737,False,False,False,False,7
2024,SOLUSDT,ADAPTIVE_BREAKOUT,2024-03-30 01:00:00,2024-03-30 02:30:00,STOP LOSS,-26.23865785,-1.179275653801711,0.04952320303413254,1.019456886526365,0.06847359502441538,1.4095590292240563,False,False,False,False,6
2024,SOLUSDT,ADAPTIVE_BREAKOUT,2024-03-31 19:00:00,2024-03-31 20:45:00,STOP LOSS,-2.46995434,-0.10714215542433046,1.3857026656857478,0.3337353781939849,1.295593316637697,0.3120332638601838,True,True,False,False,7
2024,LINKUSDT,IGNITION,2024-04-08 08:00:00,2024-04-08 17:30:00,STOP LOSS,26.59059367,0.8989295658328404,2.2247888409901133,0.07589569019128405,3.9113062450127445,0.1334289715704489,True,True,True,True,38
2024,LINKUSDT,IGNITION,2024-04-21 11:00:00,2024-04-21 14:00:00,STOP LOSS,-28.03545748,-1.2603013002139862,0.5249583127551873,1.2703125214508557,0.5011952665227559,1.2128098694432274,True,False,False,False,12
2024,SOLUSDT,ADAPTIVE_BREAKOUT,2024-04-22 06:00:00,2024-04-22 07:45:00,STOP LOSS,-1.31081744,-0.0590938416163335,1.3023228723148434,0.16804973172743826,2.2076766813094286,0.28487518872760736,True,True,False,False,7
2024,LINKUSDT,IGNITION,2024-04-22 20:00:00,2024-04-23 00:15:00,STOP LOSS,-1.78248645,-0.08036815450318106,1.230495413172723,0.1442405229662171,1.533751599425954,0.1797886692084872,True,True,False,False,17
2024,SOLUSDT,ADAPTIVE_BREAKOUT,2024-04-24 05:00:00,2024-04-24 08:30:00,STOP LOSS,-35.0446796,-1.1852764591327676,0.26298466980793384,1.1213427559323663,0.35193511562892965,1.5006193811865087,False,False,False,False,14
2024,LINKUSDT,IGNITION,2024-05-05 14:00:00,2024-05-05 18:45:00,STOP LOSS,7.63879424,0.34614629137117287,2.6478007731566295,0.5139332647280976,2.379996253096041,0.46195289947592005,True,True,True,True,19
2024,SOLUSDT,ADAPTIVE_BREAKOUT,2024-05-06 06:00:00,2024-05-06 10:45:00,MARKET SEVERE SHOCK,50.73938595,2.059660702434336,5.412449527316188,0.8809171897695373,5.4266466336550625,0.8832278764476823,True,True,True,True,19
2024,SOLUSDT,ADAPTIVE_BREAKOUT,2024-05-18 10:00:00,2024-05-18 13:15:00,STOP LOSS,-34.63100938,-1.2150943872550197,0.4564239751658158,1.0724522363980589,0.5267146489594343,1.2376131271696411,False,False,False,False,13
2024,LINKUSDT,IGNITION,2024-05-19 14:00:00,2024-05-19 17:00:00,STOP LOSS,-1.43603559,-0.04862514218949301,1.2049531967646598,0.3796223583610878,2.4823803276075593,0.7820777411486513,True,True,False,False,12
2024,SOLUSDT,ADAPTIVE_BREAKOUT,2024-05-20 17:00:00,2024-05-21 07:15:00,STOP LOSS,16.61917252,0.5628185965305714,3.640740976697786,0.21580791490239856,4.968087511898444,0.2944874721540638,True,True,True,True,57
2024,LINKUSDT,IGNITION,2024-05-23 12:00:00,2024-05-23 13:00:00,MARKET SEVERE SHOCK,-43.03784413,-1.5250697562767144,0.5209251421422528,2.260130308130474,0.5964083826350326,2.5876283415178616,True,False,False,False,4
2024,LINKUSDT,IGNITION,2024-05-24 18:00:00,2024-05-25 13:30:00,STOP LOSS,-22.00651189,-0.9963598656139473,0.35245083882779754,0.9313149458342717,0.905108118287158,2.3916547367578063,False,False,False,False,78
2024,SOLUSDT,ADAPTIVE_BREAKOUT,2024-05-29 04:00:00,2024-05-29 08:15:00,STOP LOSS,-22.97841054,-1.0427007843236564,0.5226286713048326,1.52055004134236,0.8663060404813637,2.520454307224101,True,False,False,False,17
2024,SOLUSDT,ADAPTIVE_BREAKOUT,2024-06-05 16:00:00,2024-06-05 18:45:00,STOP LOSS,-29.26056062,-1.261806648862935,0.4655539347363635,1.1734022311941863,0.4419388108395112,1.1138816536564078,False,False,False,False,11
2024,SOLUSDT,ADAPTIVE_BREAKOUT,2024-07-14 01:00:00,2024-07-16 07:00:00,MARKET SEVERE SHOCK,74.02941365,3.377276028641327,6.838197948289104,0.8178684979666441,10.50992342487235,1.2570176163729543,True,True,True,True,216
2024,SOLUSDT,ADAPTIVE_BREAKOUT,2024-07-19 04:00:00,2024-07-19 07:45:00,STOP LOSS,-1.42283246,-0.06442113021036633,1.4691294871224727,0.5007879669816445,2.2844978894635783,0.7787258125756689,True,True,False,False,15
2024,SOLUSDT,ADAPTIVE_BREAKOUT,2024-07-21 15:00:00,2024-07-21 18:00:00,MARKET SEVERE SHOCK,-14.39292937,-0.6107870633525722,1.8855640416573922,0.9969167442609259,1.8108425532105528,0.9574107389791977,True,True,False,False,12
2024,LINKUSDT,IGNITION,2024-07-22 03:00:00,2024-07-22 05:45:00,STOP LOSS,-34.48474708,-1.1729059325264382,0.0,1.210446125644835,0.0,1.7347568507099052,False,False,False,False,11
2024,SOLUSDT,ADAPTIVE_BREAKOUT,2024-07-26 09:00:00,2024-07-27 15:30:00,STOP LOSS,37.35378972,1.6999666303407155,4.243796670370284,0.32862827993876975,5.643664866410664,0.43703033431089844,True,True,True,True,122
2024,SOLUSDT,ADAPTIVE_BREAKOUT,2024-07-29 01:00:00,2024-07-29 14:15:00,STOP LOSS,18.53465953,0.6302220977739333,2.0680688106125023,0.3731741964102672,3.07445958041712,0.5547731184912587,True,True,True,True,53
2024,LINKUSDT,IGNITION,2024-08-20 14:00:00,2024-08-20 14:15:00,STOP LOSS,-28.29986444,-1.2859263345392804,0.15787692073349965,1.33757429054458,0.14150013116047355,1.1988258744191176,False,False,False,False,1
2024,LINKUSDT,IGNITION,2024-08-23 13:00:00,2024-08-23 15:00:00,MARKET SEVERE SHOCK,-13.89188372,-0.6304370347394098,0.7278232020434569,1.1401377091075016,1.2347296788623767,1.9342085598160648,True,False,False,False,8
2024,SOLUSDT,ADAPTIVE_BREAKOUT,2024-08-24 09:00:00,2024-08-24 22:00:00,STOP LOSS,28.79702668,1.2622233737571726,4.551348214889892,0.4940841135793824,4.247086019357788,0.46105409476355486,True,True,True,True,52
2024,LINKUSDT,IGNITION,2024-08-25 14:00:00,2024-08-26 01:15:00,STOP LOSS,-33.97430254,-1.2182799324762854,0.8205040430534911,1.1965383806074081,0.9331399873833657,1.3607950123299017,True,False,False,False,45
2024,SOLUSDT,ADAPTIVE_BREAKOUT,2024-09-19 13:00:00,2024-09-20 13:15:00,MARKET SEVERE SHOCK,93.46927517,3.187551175775108,6.348688797858695,0.31090048807182186,8.424945302281273,0.4125764689145108,True,True,True,True,97
2024,SOLUSDT,ADAPTIVE_BREAKOUT,2024-09-24 09:00:00,2024-09-24 10:15:00,STOP LOSS,-35.18213914,-1.188439988446219,0.0695766516060519,1.0674139009550785,0.0915590754858612,1.4046584260128832,False,False,False,False,5
2024,SOLUSDT,ADAPTIVE_BREAKOUT,2024-09-25 15:00:00,2024-09-25 17:30:00,STOP LOSS,-33.34913043,-1.2240108433085697,0.6677738488960842,1.0965605797324824,0.7401437621110384,1.2154002050358221,True,False,False,False,10
2024,LINKUSDT,IGNITION,2024-09-26 07:00:00,2024-09-28 06:45:00,STOP LOSS,34.50201255,1.5648215805794274,2.7742257807721327,0.6603965226256941,5.004593950985358,1.1913292945696907,True,True,True,True,191
2024,SOLUSDT,ADAPTIVE_BREAKOUT,2024-09-29 20:00:00,2024-09-29 22:00:00,STOP LOSS,-2.46276242,-0.08416496613842761,1.1958193231320793,0.22634228761573374,1.4232894842800021,0.2693973843536661,True,True,False,False,8
2024,LINKUSDT,IGNITION,2024-10-07 17:00:00,2024-10-07 18:30:00,STOP LOSS,-33.74017152,-1.1439613097483166,0.021233926621990713,1.0857480299746551,0.03648694683800066,1.8656761584605668,False,False,False,False,6
2024,SOLUSDT,ADAPTIVE_BREAKOUT,2024-10-11 18:00:00,2024-10-12 12:15:00,STOP LOSS,-2.45369585,-0.1154337514488432,1.0557065805814159,0.9734886433562691,0.91615603043751,0.8448062251180557,True,True,False,False,73
2024,SOLUSDT,ADAPTIVE_BREAKOUT,2024-10-18 17:00:00,2024-10-18 20:15:00,STOP LOSS,-29.05546299,-1.2649785407335485,0.6037753406681253,1.0867723425057494,0.5663267666057854,1.0193663525357157,True,False,False,False,13
2024,SOLUSDT,ADAPTIVE_BREAKOUT,2024-10-19 15:00:00,2024-10-19 18:00:00,STOP LOSS,-30.02296204,-1.1907097598631684,0.2783899618689332,1.065729539973255,0.28750038562931735,1.1006059689146357,False,False,False,False,12
2024,LINKUSDT,IGNITION,2024-10-21 04:00:00,2024-10-21 06:00:00,STOP LOSS,-2.43828591,-0.12069574095855275,1.2564587784694776,0.5666243711375931,1.0428343439718346,0.4702863034420508,True,True,False,False,8
2024,LINKUSDT,IGNITION,2024-10-22 02:00:00,2024-10-22 09:30:00,STOP LOSS,17.07955977,0.7798612656844176,2.592977646216188,0.6647931942810424,3.163308362739095,0.8110158118910082,True,True,True,True,30
2024,SOLUSDT,ADAPTIVE_BREAKOUT,2024-10-22 15:00:00,2024-10-22 15:30:00,STOP LOSS,-25.71844993,-1.1722603378947725,0.3041804674962915,1.2025933136631666,0.4375574319093436,1.7299060859791013,False,False,False,False,2
2024,SOLUSDT,ADAPTIVE_BREAKOUT,2024-10-24 14:00:00,2024-10-25 01:15:00,STOP LOSS,-1.91142254,-0.08735403809544305,1.6815351842334305,0.7028898269433798,1.92833284188302,0.8060524395975018,True,True,False,False,45
2024,LINKUSDT,IGNITION,2024-10-29 21:00:00,2024-10-30 09:00:00,STOP LOSS,46.59964156,1.5975537479740107,3.1570193435781646,0.14176526871321704,4.9604843213656835,0.22274947228200126,True,True,True,True,48
2024,SOLUSDT,ADAPTIVE_BREAKOUT,2024-11-06 22:00:00,2024-11-07 00:15:00,STOP LOSS,-34.02496249,-1.1608981367723694,0.3629581294201769,1.0708978911963138,0.5586373391721956,1.6482439707817376,False,False,False,False,9
2024,SOLUSDT,ADAPTIVE_BREAKOUT,2024-11-07 16:00:00,2024-11-08 15:15:00,STOP LOSS,54.57988759,1.8687200758192901,4.337880935405721,0.6394508407189529,6.357410446087616,0.9371514606050285,True,True,True,True,93
2024,LINKUSDT,IGNITION,2024-11-11 03:00:00,2024-11-11 04:30:00,STOP LOSS,-32.23171379,-1.0974053721128578,0.0,1.3254177294960763,0.0,3.349563182645258,False,False,False,False,6
2024,SOLUSDT,ADAPTIVE_BREAKOUT,2024-11-16 04:00:00,2024-11-16 08:45:00,STOP LOSS,-34.48756627,-1.1780897767681617,0.1749866196865586,1.1130872500325906,0.24354408139745376,1.5491802305226676,False,False,False,False,19
2024,LINKUSDT,IGNITION,2024-11-16 17:00:00,2024-11-16 23:00:00,EMERGENCY STOP EXIT,41.00318192,1.405630016121879,2.6125432263971726,0.26043803113955855,4.0267489321443435,0.401416731859104,True,True,True,True,24
2024,LINKUSDT,IGNITION,2024-11-17 07:00:00,2024-11-17 11:15:00,STOP LOSS,-34.49274594,-1.177480470785353,0.4632991828043727,1.1764509276519919,0.9210869929365751,2.338906882436638,False,False,False,False,17
2024,LINKUSDT,IGNITION,2024-11-18 13:00:00,2024-11-18 13:15:00,MARKET SEVERE SHOCK,-20.13470384,-0.9197012257861319,0.0,0.9324838234007484,0.0,2.0462220680293437,False,False,False,False,1
2024,LINKUSDT,IGNITION,2024-11-20 10:00:00,2024-11-20 11:15:00,STOP LOSS,-32.96620476,-1.13170013913993,0.2603115194491913,1.0668019796372696,0.488476300570257,2.001861022350769,False,False,False,False,5
2024,LINKUSDT,IGNITION,2024-11-22 21:00:00,2024-11-23 16:30:00,MARKET SEVERE SHOCK,163.13786968,5.619454878058801,10.530684885529901,0.12862922313825884,20.136010426159466,0.24595545364573312,True,True,True,True,78
2024,LINKUSDT,IGNITION,2024-11-27 18:00:00,2024-11-28 02:45:00,STOP LOSS,-0.72393441,-0.0326976761885625,1.4364452454577958,0.3032765543737197,4.400795753854794,0.9291396083156809,True,True,False,False,35
2024,SOLUSDT,ADAPTIVE_BREAKOUT,2024-11-29 12:00:00,2024-11-29 17:15:00,STOP LOSS,-34.3949668,-1.165214225702343,0.3880501772240089,1.2947629271249146,0.5817945769795155,1.9412078480782424,False,False,False,False,21
2024,LINKUSDT,IGNITION,2024-12-01 15:00:00,2024-12-01 20:15:00,STOP LOSS,-34.53621915,-1.1741037472174165,0.749264891210183,1.305050613104863,1.0664880325794626,1.8575818473741814,True,False,False,False,21
2024,LINKUSDT,IGNITION,2024-12-04 14:00:00,2024-12-04 16:00:00,STOP LOSS,32.9415401,1.1238490929571279,2.5524688647261287,0.4267962840327583,7.81627441857165,1.3069530143650256,True,True,True,True,8
2024,LINKUSDT,IGNITION,2024-12-08 18:00:00,2024-12-08 18:45:00,STOP LOSS,-33.52274528,-1.1398347728802714,0.14584021657517354,1.0075629735291398,0.25791878800684903,1.7818776403096093,False,False,False,False,3
2024,SOLUSDT,ADAPTIVE_BREAKOUT,2024-12-12 18:00:00,2024-12-12 18:45:00,STOP LOSS,-35.10688277,-1.1977942044288417,0.1814864333425878,1.0137129757017864,0.22761649426526231,1.2713776422333962,False,False,False,False,3
2024,LINKUSDT,IGNITION,2024-12-13 11:00:00,2024-12-13 14:30:00,STOP LOSS,-23.96089048,-1.0939438376553063,0.3006313037575341,1.0448328229517219,0.787302683736662,2.7362409545663557,False,False,False,False,14
2024,SOLUSDT,ADAPTIVE_BREAKOUT,2024-12-25 02:00:00,2024-12-25 07:15:00,STOP LOSS,-11.90681198,-0.5449514915812391,0.9626352623276572,0.48685098740288096,1.259348241960127,0.6369130231110119,True,False,False,False,21
2024,LINKUSDT,IGNITION,2024-12-25 10:00:00,2024-12-25 12:00:00,STOP LOSS,-24.27294767,-1.1122891574016063,0.9581265589140064,1.0762859648713676,2.104636304602186,2.3641871678931072,True,False,False,False,8
2025h1,LINKUSDT,IGNITION,2025-01-02 17:00:00,2025-01-02 21:15:00,STOP LOSS,-26.39504682,-1.1731131760656577,0.8735221771823196,1.0373222691472106,1.2504066495240334,1.4848789154099615,True,False,False,False,17
2025h1,SOLUSDT,ADAPTIVE_BREAKOUT,2025-01-03 12:00:00,2025-01-04 03:15:00,STOP LOSS,6.05773321,0.20245883137287993,1.726817340131805,0.8421302168516637,2.4240816380920136,1.1821704288635113,True,True,False,False,61
2025h1,LINKUSDT,IGNITION,2025-01-06 02:00:00,2025-01-06 07:15:00,STOP LOSS,-1.59297151,-0.0532072600887357,1.2776038039740238,0.09399981876844025,2.4053835005411437,0.17697631489210963,True,True,False,False,21
2025h1,SOLUSDT,ADAPTIVE_BREAKOUT,2025-01-06 14:00:00,2025-01-06 14:30:00,STOP LOSS,-29.5306109,-1.2657486626799572,0.04429589906856686,1.035615153788813,0.04142875978563566,0.9685829239015595,False,False,False,False,2
2025h1,SOLUSDT,ADAPTIVE_BREAKOUT,2025-01-17 09:00:00,2025-01-17 15:30:00,STOP LOSS,-2.23507695,-0.07488794508506368,1.9767723633303838,0.6143068879931062,2.644257675120282,0.8217363483969035,True,True,False,False,26
2025h1,LINKUSDT,IGNITION,2025-01-18 14:00:00,2025-01-18 16:15:00,STOP LOSS,-32.12176744,-1.0765059892344966,0.08518819864527556,1.2880022261306516,0.2729652944125739,4.127096387186045,False,False,False,False,9
2025h1,LINKUSDT,IGNITION,2025-01-24 04:00:00,2025-01-24 21:00:00,STOP LOSS,12.7204747,0.5702481727815745,2.433285182478452,0.44863185422400964,4.785038091580697,0.8822313664737794,True,True,True,True,68
2025h1,LINKUSDT,IGNITION,2025-01-26 17:00:00,2025-01-26 21:30:00,STOP LOSS,5.92387723,0.2652221310423907,1.5351357316857421,0.31912227021945777,2.6734589108715423,0.5557555982615979,True,True,False,False,18
2025h1,LINKUSDT,IGNITION,2025-03-20 09:00:00,2025-03-20 10:15:00,STOP LOSS,-25.29108626,-1.13164995105742,0.0,1.1770621767667309,0.0,2.2095974295094223,False,False,False,False,5
2025h1,SOLUSDT,ADAPTIVE_BREAKOUT,2025-03-24 01:00:00,2025-03-24 02:00:00,STOP LOSS,-26.83515621,-1.2038045264355655,0.3123975691978529,1.1318561741676785,0.380332399121108,1.3779927138568482,False,False,False,False,4
2025h1,LINKUSDT,IGNITION,2025-03-25 00:00:00,2025-03-25 03:30:00,STOP LOSS,-32.71913055,-1.2307461467784508,0.6901444052052068,1.2740678922614816,0.7427548618288319,1.37119146969807,True,False,False,False,14
2025h1,SOLUSDT,ADAPTIVE_BREAKOUT,2025-03-25 10:00:00,2025-03-25 12:15:00,STOP LOSS,-26.8064326,-1.2097880551501756,0.15885065830800194,1.100953501409192,0.18791794162421657,1.30241144740895,False,False,False,False,9
2025h1,SOLUSDT,ADAPTIVE_BREAKOUT,2025-04-19 04:00:00,2025-04-19 15:45:00,STOP LOSS,-2.22399172,-0.1006438415893962,1.1650486054916043,0.80251123713573,1.1596204491040765,0.798772203006692,True,True,False,False,47
2025h1,SOLUSDT,ADAPTIVE_BREAKOUT,2025-04-22 13:00:00,2025-04-23 14:00:00,STOP LOSS,114.74311679,4.093977108510515,7.859838435017718,0.2913380245282831,8.974076310261172,0.33263911030909893,True,True,True,True,100
2025h1,LINKUSDT,IGNITION,2025-04-24 15:00:00,2025-04-25 13:30:00,STOP LOSS,-1.08446904,-0.03639025784040519,1.05693091666235,0.3846605964587314,2.909514287270901,1.0588918192317014,True,True,False,False,90
2025h1,LINKUSDT,IGNITION,2025-04-26 02:00:00,2025-04-26 09:45:00,STOP LOSS,-33.22533572,-1.115025403793038,0.09916189675186,1.0642070679195605,0.21270573648786298,2.2827613788375163,False,False,False,False,31
2025h1,LINKUSDT,IGNITION,2025-04-29 07:00:00,2025-04-29 13:30:00,STOP LOSS,-27.31039165,-0.9195990262564019,0.11253069486311133,0.922295313074007,0.2792411435915789,2.2886448738740004,False,False,False,False,26
2025h1,SOLUSDT,ADAPTIVE_BREAKOUT,2025-05-01 15:00:00,2025-05-01 17:45:00,STOP LOSS,-31.18302008,-1.2447430321892647,0.5814317909485502,1.3041294434569717,0.5901859213521276,1.3237646257584796,True,False,False,False,11
2025h1,LINKUSDT,IGNITION,2025-05-11 18:00:00,2025-05-12 01:45:00,STOP LOSS,-1.28180669,-0.04341770566101337,1.158168519181448,0.4320352918548483,2.6721689480896176,0.9968076944357804,True,True,False,False,31
2025h1,SOLUSDT,ADAPTIVE_BREAKOUT,2025-05-13 18:00:00,2025-05-14 02:15:00,STOP LOSS,27.2917612,0.9245544011199854,2.5562793757820246,0.18562876367199949,3.621155272192874,0.2629566167961855,True,True,True,True,33
2025h1,SOLUSDT,ADAPTIVE_BREAKOUT,2025-05-18 14:00:00,2025-05-18 18:00:00,STOP LOSS,4.7485844,0.18113264959597547,2.096920972233543,0.42792623138688995,2.2285825206357703,0.4547948787858025,True,True,True,True,16
2025h1,LINKUSDT,IGNITION,2025-05-20 09:00:00,2025-05-20 10:15:00,STOP LOSS,-34.81079876,-1.1754469330690882,0.23029345966574188,1.0095098225186176,0.3253066833291691,1.42600789717782,False,False,False,False,5
2025h1,SOLUSDT,ADAPTIVE_BREAKOUT,2025-05-22 04:00:00,2025-05-22 11:30:00,STOP LOSS,-1.80722413,-0.06124000570184077,1.3654458557871547,0.5730550877496711,2.233563419613495,0.9373897002186117,True,True,False,False,30
2025h1,SOLUSDT,ADAPTIVE_BREAKOUT,2025-05-23 02:00:00,2025-05-23 06:30:00,STOP LOSS,-34.60333899,-1.1727920375702932,0.8252171924933077,1.1651103332926356,1.1834368935440551,1.6708747297204392,True,False,False,False,18
2025h1,LINKUSDT,IGNITION,2025-05-28 11:00:00,2025-05-28 14:15:00,STOP LOSS,-27.40111669,-1.2426267992766966,0.9929728031407523,1.3970009261454572,1.016660533512285,1.4303268955603763,True,False,False,False,13
2025h1,SOLUSDT,ADAPTIVE_BREAKOUT,2025-06-03 15:00:00,2025-06-03 16:30:00,STOP LOSS,-26.6042684,-1.2098728026897405,0.19600787470868009,1.2025314390342718,0.2317814006343892,1.4220062416395765,False,False,False,False,6
2025h1,SOLUSDT,ADAPTIVE_BREAKOUT,2025-06-09 11:00:00,2025-06-09 14:00:00,STOP LOSS,-26.84186379,-1.2240098559988557,0.6863094059905087,1.3685700029760393,0.7606914277010322,1.5168952376081033,True,False,False,False,12
2025h1,SOLUSDT,ADAPTIVE_BREAKOUT,2025-06-11 04:00:00,2025-06-11 05:30:00,STOP LOSS,-34.38962428,-1.179393277517508,0.015912750439251822,1.0430565955794355,0.021987566245676157,1.4412515347893933,False,False,False,False,6
2025h1,SOLUSDT,ADAPTIVE_BREAKOUT,2025-06-25 08:00:00,2025-06-25 08:45:00,STOP LOSS,-31.6068451,-1.2349709844521068,0.029906534217196894,1.1793478872977705,0.031611294549985784,1.2465741824686611,False,False,False,False,3
2025h1,SOLUSDT,ADAPTIVE_BREAKOUT,2025-06-28 16:00:00,2025-06-29 04:00:00,EMERGENCY STOP EXIT,20.14022188,0.905559572455085,3.2692207600261454,0.09815158343730854,3.012748485368535,0.09045153449194107,True,True,True,True,48
2025h1,LINKUSDT,IGNITION,2025-06-29 23:00:00,2025-06-30 02:30:00,STOP LOSS,-32.96104418,-1.135758499038628,0.3708638878150128,1.0232115147760454,0.6753517290701612,1.8632918664035203,False,False,False,False,14
2025h1,SOLUSDT,ADAPTIVE_BREAKOUT,2025-07-06 17:00:00,2025-07-06 18:45:00,STOP LOSS,-33.84897773,-1.2146838701972182,0.0,1.1159825214164818,0.0,1.2902927414223726,False,False,False,False,7
2025h1,SOLUSDT,ADAPTIVE_BREAKOUT,2025-07-14 04:00:00,2025-07-14 15:30:00,STOP LOSS,-32.01252844,-1.1107461135530954,0.5415841120998349,1.0164818840059595,0.8711131239478711,1.634964338188751,True,False,False,False,46
2025h1,SOLUSDT,ADAPTIVE_BREAKOUT,2025-07-20 09:00:00,2025-07-20 15:00:00,STOP LOSS,-1.91831945,-0.08904388102634037,1.1699920091559268,0.7180038369385549,1.3162483506448206,0.807758821198132,True,True,False,False,24
2025h1,SOLUSDT,ADAPTIVE_BREAKOUT,2025-07-21 03:00:00,2025-07-22 04:45:00,STOP LOSS,95.20547259,4.420099891975205,8.575851819697416,0.21703384337622433,10.973047706373555,0.2777010106208835,True,True,True,True,103
2025h1,LINKUSDT,IGNITION,2025-07-22 21:00:00,2025-07-23 07:15:00,STOP LOSS,-20.26571108,-0.698707580924198,0.9615076990336859,0.6104870857862923,1.699922438368877,1.0793264541776546,True,False,False,False,41
2025h1,LINKUSDT,IGNITION,2025-07-26 19:00:00,2025-07-27 09:45:00,STOP LOSS,21.96502674,0.7588861755736558,2.1682532076022634,0.4164102377820587,3.3648034984676856,0.6462061810743333,True,True,True,True,59
2025h1,SOLUSDT,ADAPTIVE_BREAKOUT,2025-07-28 03:00:00,2025-07-28 07:30:00,STOP LOSS,-2.42170084,-0.09041620036293209,1.6973702948349687,0.18638851548734198,1.8805694250389935,0.20650564256397697,True,True,False,False,18
