window,symbol,route,entry_time,exit_time,exit_reason_diag,profit_diag,realized_r,strict_mfe_r,strict_mae_r,strict_mfe_percent,strict_mae_percent,reached_0_5r,reached_1r,reached_2r,partial_profit_taken_diag,bars_before_exit,entry_price,initial_stop,final_stop,initial_quantity,buy_fee,sell_fees,profit_trade,partial_profit_taken_trade,exit_reason_trade,fees,gross_before_fees,final_stop_r,mfe_bucket
2021,LINKUSDT,IGNITION,2021-01-06 03:00:00,2021-01-06 09:15:00,MARKET SEVERE SHOCK,-3.1849852,-0.103777784589342,0.7913625008039245,0.716936741179292,2.1020557064053675,1.904362370464402,True,False,False,False,25,14.4468198,14.06307632,14.14643337,79.97642991,1.15540507,1.15453002,-3.1849852,False,MARKET SEVERE SHOCK,2.3099350899999997,-0.8750501100000001,-0.7827792409658658,0.5-1R
2021,LINKUSDT,IGNITION,2021-02-02 13:00:00,2021-02-02 15:45:00,STOP LOSS,-36.14106472,-1.1788280270070586,0.6152506081863213,1.120108553792956,0.8527921577337514,1.5525702498710083,True,False,False,False,11,23.1399642,22.81922368,22.81922368,95.58652229,2.2118687,2.18011963,-36.14106472,False,STOP LOSS,4.39198833,-31.749076390000003,-1.0,0.5-1R
2021,LINKUSDT,IGNITION,2021-02-05 21:00:00,2021-02-06 01:45:00,MARKET SEVERE SHOCK,-28.63428833,-0.935573279029016,0.5041699810534472,1.5175180160510933,1.676630758331492,5.0465467553565455,True,False,False,False,19,26.35807245,25.4815277,25.4815277,34.91680451,0.92033966,0.89351923,-28.63428833,False,MARKET SEVERE SHOCK,1.8138588900000001,-26.82042944,-1.0,0.5-1R
2021,LINKUSDT,IGNITION,2021-02-09 17:00:00,2021-02-10 04:15:00,MARKET SEVERE SHOCK,46.92564473,1.543542068428021,3.7632583899690206,0.0218562871772006,9.339243907330296,0.0542405478721892,True,True,True,True,45,25.7880876,25.14810699,26.45567516,47.5034292,1.22502259,1.27444771,46.92564473,True,MARKET SEVERE SHOCK,2.4994703,49.42511503,1.043137166296328,>=2R
2021,LINKUSDT,IGNITION,2021-02-18 10:00:00,2021-02-18 11:45:00,STOP LOSS,-35.1134547,-1.1568937657887857,0.3805592018466701,1.2485486328785376,0.6005354261642097,1.970252411961261,False,False,False,False,7,32.6359098,32.12090399,32.12090399,58.93427579,1.92337371,1.8920757,-35.1134547,False,STOP LOSS,3.81544941,-31.29800529,-1.0,<0.5R
2021,LINKUSDT,IGNITION,2021-02-20 03:00:00,2021-02-20 15:00:00,MARKET SEVERE SHOCK,24.09748719,0.8015536733641448,2.2977202087583395,0.5480450928143531,6.5722094071786,1.5675829897927245,True,True,True,True,48,34.65321795,33.66202588,34.70519778,30.33062297,1.05105369,1.07727951,24.09748719,True,MARKET SEVERE SHOCK,2.1283332,26.22582039,0.052441733114350554,>=2R
2021,LINKUSDT,IGNITION,2021-03-03 22:00:00,2021-03-04 00:00:00,STOP LOSS,-34.01179231,-1.128618828807142,0.2487363154370026,1.0113576388526846,0.4778084719772033,1.942761141225726,False,False,False,False,8,30.4101975,29.82603471,29.82603471,51.58795796,1.56879999,1.53789489,-34.01179231,False,STOP LOSS,3.10669488,-30.905097429999998,-1.0,<0.5R
2021,LINKUSDT,IGNITION,2021-03-13 23:00:00,2021-03-14 01:15:00,STOP LOSS,-35.11686776,-1.169247624608246,0.682079549215812,1.4375623807101734,0.9984693631803192,2.104390897586518,True,False,False,False,9,29.90144325,29.46372781,29.46372781,68.61473805,2.0516797,2.02063514,-35.11686776,False,STOP LOSS,4.072314840000001,-31.044552919999997,-1.0,0.5-1R
2021,LINKUSDT,IGNITION,2021-03-19 09:00:00,2021-03-20 00:15:00,STOP LOSS,-28.15487716,-0.9407417941013608,0.647915171938098,0.8312996579950971,1.4263862843757982,1.830107522908548,True,False,False,False,61,30.12135315,29.45823108,29.57199106,45.13253377,1.35945299,1.33399156,-28.15487716,False,STOP LOSS,2.69344455,-25.461432610000003,-0.8284479055266588,0.5-1R
2021,LINKUSDT,IGNITION,2021-04-01 19:00:00,2021-04-02 00:30:00,STOP LOSS,-32.85500286,-1.1008945447423002,0.5647892903393006,1.2434888761467329,1.3786845219386037,3.0354309050662174,True,False,False,False,22,30.2801325,29.54097631,29.54097631,40.37565413,1.22258016,1.19213987,-32.85500286,False,STOP LOSS,2.41472003,-30.44028283,-1.0,0.5-1R
2021,LINKUSDT,IGNITION,2021-04-03 10:00:00,2021-04-03 15:00:00,STOP LOSS,-32.2637948,-1.0848754828437073,0.0674888561390513,1.081991139343028,0.195297741004874,3.131041736218017,False,False,False,False,20,32.6575206,31.71248458,31.71248458,31.4693078,1.02770957,0.99747095,-32.2637948,False,STOP LOSS,2.02518052,-30.23861428,-1.0,<0.5R
2021,LINKUSDT,IGNITION,2021-04-11 15:00:00,2021-04-12 09:45:00,MARKET SEVERE SHOCK,13.23229077,0.5979245306145872,3.9047898081128696,0.0345656321185625,5.645547542037846,0.0499750124937569,True,True,True,True,75,32.5992915,32.12797074,32.92731561,46.95394588,1.53066537,1.5469753,13.23229077,True,MARKET SEVERE SHOCK,3.07764067,16.30993144,0.695967879708933,>=2R
2021,LINKUSDT,IGNITION,2021-04-27 15:00:00,2021-04-27 19:30:00,STOP LOSS,-0.92728892,-0.0417611931061331,1.4995994415400855,0.1802154747324875,3.597173591855113,0.4322930034473527,True,True,False,False,18,36.3571695,35.48504961,36.41170525,25.46044449,0.9256697,0.92659467,-0.92728892,False,STOP LOSS,1.8522643699999999,0.9249754499999999,0.06253240021850598,1-2R
2022,LINKUSDT,IGNITION,2022-02-06 01:00:00,2022-02-06 04:15:00,STOP LOSS,-1.54690852,-0.0687514890059673,1.156357226235991,0.3799728315392588,1.6848798445122504,0.5536425516245198,True,True,False,False,13,17.86893,17.60856928,17.8957334,86.41856672,1.54420732,1.54575037,-1.54690852,False,STOP LOSS,3.08995769,1.54304917,0.10294717267644049,1-2R
2022,SOLUSDT,ADAPTIVE_BREAKOUT,2022-02-16 20:00:00,2022-02-17 00:00:00,STOP LOSS,-34.46880934,-1.1491380756283478,0.1390537005125738,1.021817483025696,0.2307291057163683,1.6954819123461626,False,False,False,False,16,103.31163,101.59740018,101.59740018,17.49786338,1.80773279,1.77684856,-34.46880934,False,STOP LOSS,3.5845813499999997,-30.88422799,-1.0,<0.5R
2022,LINKUSDT,IGNITION,2022-03-01 23:00:00,2022-03-02 00:45:00,STOP LOSS,-33.61475241,-1.1245418544236576,0.4036072646668848,1.2456541960510104,0.8003851477402691,2.4702308531598045,False,False,False,False,7,15.28764,14.984474,14.984474,98.59929258,1.50735049,1.47671981,-33.61475241,False,STOP LOSS,2.9840703,-30.630682110000002,-1.0,<0.5R
2022,SOLUSDT,ADAPTIVE_BREAKOUT,2022-03-17 13:00:00,2022-03-17 21:00:00,STOP LOSS,-2.12780889,-0.0714242939480199,1.1992378861258712,0.6968848615312498,1.6819706412863968,0.9774039754857038,True,True,False,False,32,89.494725,88.239532,89.62896709,23.73428508,2.12409332,2.12621582,-2.12780889,False,STOP LOSS,4.250309140000001,2.1225002500000008,0.10694936157228423,1-2R
2022,LINKUSDT,IGNITION,2022-03-18 09:00:00,2022-03-19 22:30:00,STOP LOSS,30.03789441,1.3446666251220778,2.89156861415409,0.3461514076005572,5.571356982688361,0.6669504753795887,True,True,True,True,150,14.58729,14.30622802,14.95327257,79.47906679,1.1593842,1.19177325,30.03789441,True,STOP LOSS,2.35115745,32.38905186,1.302141862090353,>=2R
2022,LINKUSDT,IGNITION,2022-03-23 15:00:00,2022-03-24 13:45:00,STOP LOSS,5.44924085,0.2432031345988954,1.420025551707521,0.4211831649908218,3.3921814602902582,1.0061295882670922,True,True,False,False,91,15.68784,15.31308618,15.81838882,59.78892804,0.93795914,0.94529163,5.44924085,False,STOP LOSS,1.88325077,7.33249162,0.34835887730243825,1-2R
2022,LINKUSDT,IGNITION,2022-03-27 00:00:00,2022-03-27 01:45:00,STOP LOSS,-2.49528948,-0.1182486283670945,1.0589789053876368,0.35711703734842,0.8971193493587999,0.302533508987777,True,True,False,False,7,15.837915,15.7037433,15.86167187,157.27652371,2.49093221,2.49342128,-2.49528948,False,STOP LOSS,4.98435349,2.4890640100000003,0.17706319589003844,1-2R
2022,LINKUSDT,IGNITION,2022-03-31 01:00:00,2022-03-31 14:15:00,MARKET SEVERE SHOCK,1.55566651,0.0520573588728506,2.212212037639841,0.9557479193463088,3.982590837146263,1.7206094359160644,True,True,True,True,53,17.358675,17.04617105,17.46848232,95.62663218,1.65995163,1.66483208,1.55566651,True,MARKET SEVERE SHOCK,3.32478371,4.88045022,0.3513789825696541,>=2R
2022,LINKUSDT,IGNITION,2022-04-03 05:00:00,2022-04-03 20:30:00,STOP LOSS,10.68931387,0.4768550360896641,1.4132989910069649,0.2489464386240499,3.170574125034729,0.5584827710508634,True,True,False,False,62,17.698845,17.30179172,17.93277089,56.45659322,0.99921649,1.01191694,10.68931387,False,STOP LOSS,2.01113343,12.7004473,0.5891549114013189,1-2R
2022,SOLUSDT,ADAPTIVE_BREAKOUT,2022-04-20 12:00:00,2022-04-20 13:45:00,STOP LOSS,-26.56734094,-1.1839106142229852,0.1710605899583884,2.051246660320347,0.2306055158601974,2.765270448177152,False,False,False,False,7,110.485215,108.99577199,108.99577199,15.06625398,1.66459831,1.6413369,-26.56734094,False,STOP LOSS,3.30593521,-23.26140573,-1.0,<0.5R
2022,LINKUSDT,IGNITION,2022-05-05 13:00:00,2022-05-05 14:00:00,STOP LOSS,-31.86936008,-1.423975718831908,0.0,1.6246683502539396,0.0,2.38408735582167,False,False,False,False,4,11.995995,11.81996215,11.81996215,127.13848702,1.52515265,1.49630475,-31.86936008,False,STOP LOSS,3.0214574,-28.84790268,-1.0,<0.5R
2022,LINKUSDT,IGNITION,2022-05-31 11:00:00,2022-05-31 13:45:00,MARKET SEVERE SHOCK,-43.14409937,-1.9339460428253776,0.8263507595877031,2.2379315634676984,1.163992902334255,3.1523374614986768,True,False,False,False,11,7.413705,7.30927598,7.30927598,213.62685753,1.5837665,1.54374992,-43.14409937,False,MARKET SEVERE SHOCK,3.12751642,-40.01658295,-1.0,0.5-1R
2022,SOLUSDT,ADAPTIVE_BREAKOUT,2022-07-07 14:00:00,2022-07-08 02:30:00,STOP LOSS,19.01002943,0.8558538768811598,3.225073222594383,0.4130192329832012,5.3613320728171,0.6865993754714982,True,True,True,True,50,37.69884,37.07213795,38.1230928,35.44231259,1.33613407,1.35783807,19.01002943,True,STOP LOSS,2.6939721399999996,21.70400157,0.676960925849861,>=2R
2022,LINKUSDT,IGNITION,2022-07-09 17:00:00,2022-07-09 19:15:00,STOP LOSS,-0.92828009,-0.0417119363213293,1.493205954865046,0.0453164789599347,1.6467075104423023,0.0499750124937517,True,True,False,False,9,6.48324,6.41174283,6.49296486,311.26467283,2.01800358,2.02111442,-0.92828009,False,STOP LOSS,4.039118,3.1108379100000003,0.13601741159824104,1-2R
2022,LINKUSDT,IGNITION,2022-07-17 12:00:00,2022-07-17 13:00:00,STOP LOSS,-26.75867433,-1.202504417676783,0.1464580556362088,1.0394371317015194,0.1794435605456632,1.273540735370644,False,False,False,False,4,6.5382675,6.45815924,6.45815924,277.77977047,1.81619845,1.79304902,-26.75867433,False,STOP LOSS,3.6092474699999997,-23.149426860000002,-1.0,<0.5R
2022,LINKUSDT,IGNITION,2022-07-19 03:00:00,2022-07-19 04:15:00,STOP LOSS,-32.91656879,-1.1124347197740545,0.6541786752540278,1.138595708082465,1.2144792806446865,2.113796962213964,True,False,False,False,5,6.8804385,6.75270352,6.75270352,231.64886619,1.59384578,1.56408714,-32.91656879,False,STOP LOSS,3.1579329200000004,-29.75863587,-1.0,0.5-1R
2022,LINKUSDT,IGNITION,2022-07-20 10:00:00,2022-07-20 14:15:00,STOP LOSS,-33.070126,-1.1213666853191728,0.7679887587782133,1.116826014546506,1.562340694909434,2.271989936982162,True,False,False,False,17,7.3806885,7.23054112,7.23054112,196.41309618,1.44966388,1.41946288,-33.070126,False,STOP LOSS,2.86912676,-30.20099924,-1.0,0.5-1R
2022,LINKUSDT,IGNITION,2022-07-22 15:00:00,2022-07-22 15:30:00,MARKET SEVERE SHOCK,-35.42057485,-1.205121557015095,0.0465966163475858,1.2149268385272425,0.0898934803518967,2.3438182951625217,False,False,False,False,2,7.149573,7.01164453,7.01164453,213.0938085,1.52352974,1.49112382,-35.42057485,False,MARKET SEVERE SHOCK,3.01465356,-32.40592129,-1.0,<0.5R
2022,LINKUSDT,IGNITION,2022-07-30 09:00:00,2022-07-30 10:15:00,MARKET SEVERE SHOCK,-17.8058712,-0.8106814050844017,0.5412692748597004,0.9505101291227204,1.1585336261486157,2.0344734085801743,True,False,False,False,5,7.8609285,7.69267306,7.69267306,130.54008807,1.0261663,1.01039699,-17.8058712,False,MARKET SEVERE SHOCK,2.03656329,-15.769307909999998,-1.0,0.5-1R
2022,SOLUSDT,ADAPTIVE_BREAKOUT,2022-08-05 12:00:00,2022-08-05 12:45:00,MARKET SEVERE SHOCK,-25.71658432,-1.1729868585631236,0.4380288903231081,1.2000363767493956,0.7299325221563817,1.9997438491190815,False,False,False,False,3,41.030505,40.34677156,40.34677156,32.06515308,1.31564942,1.29254103,-25.71658432,False,MARKET SEVERE SHOCK,2.60819045,-23.10839387,-1.0,<0.5R
2022,LINKUSDT,IGNITION,2022-08-11 01:00:00,2022-08-11 08:00:00,STOP LOSS,-33.10471384,-1.1354778875654592,0.7004534748560592,1.2424602316241915,1.2781551240632798,2.2671840007955564,True,False,False,False,28,9.110553,8.94430784,8.94430784,175.37276397,1.59774286,1.56780369,-33.10471384,False,STOP LOSS,3.16554655,-29.93916729,-1.0,0.5-1R
2022,SOLUSDT,ADAPTIVE_BREAKOUT,2022-08-12 19:00:00,2022-08-13 11:45:00,STOP LOSS,81.5301776,3.741346100449607,7.659268199799574,0.0685020994321737,10.704720899623462,0.0957396759495722,True,True,True,True,67,43.70184,43.0910558,46.49196202,35.67818138,1.55920217,1.64393549,81.5301776,True,STOP LOSS,3.2031376600000003,84.73331526,4.568097897751802,>=2R
2022,LINKUSDT,IGNITION,2022-09-11 07:00:00,2022-09-11 13:15:00,STOP LOSS,8.40024504,0.382261773936275,2.7936783674451844,0.1606567433236064,3.28632623882774,0.1889875646321482,True,True,True,True,25,7.9129545,7.81987095,7.92482393,236.07942898,1.86808578,1.88023435,8.40024504,True,STOP LOSS,3.7483201299999998,12.14856517,0.12751372288658996,>=2R
2022,LINKUSDT,IGNITION,2022-09-12 08:00:00,2022-09-12 14:45:00,STOP LOSS,-24.63715702,-1.1201756505965914,0.5867393364561968,1.2464618611868623,1.2053038390031674,2.560532715487566,True,False,False,False,27,8.046021,7.88073636,7.88073636,133.06749063,1.07066382,1.04814548,-24.63715702,False,STOP LOSS,2.1188093,-22.51834772,-1.0,0.5-1R
2022,SOLUSDT,ADAPTIVE_BREAKOUT,2022-09-13 03:00:00,2022-09-13 12:45:00,MARKET SEVERE SHOCK,-57.30132624,-2.611897776211134,1.640360835227858,2.9117924106440456,2.8501839821318464,5.059340548665271,True,True,False,False,39,37.928955,37.26992622,37.98584843,33.28925818,1.26262678,1.20779587,-57.30132624,False,MARKET SEVERE SHOCK,2.4704226499999997,-54.830903590000005,0.08632920401442143,1-2R
2022,SOLUSDT,ADAPTIVE_BREAKOUT,2022-10-04 08:00:00,2022-10-04 09:00:00,STOP LOSS,-27.78162575,-1.2738225460255737,0.4345569221586881,1.0016172300163275,0.3945107197364937,0.9093140948055528,False,False,False,False,4,33.746865,33.44049547,33.44049547,71.18740385,2.40235171,2.37935179,-27.78162575,False,STOP LOSS,4.7817035,-22.99992225,-1.0,<0.5R
2022,LINKUSDT,IGNITION,2022-10-05 14:00:00,2022-10-06 07:00:00,STOP LOSS,-1.15940729,-0.0533130880805985,1.1297814869463356,0.669789298315191,2.1228516176694243,1.2585294695075933,True,True,False,False,68,7.777887,7.63174104,7.78955383,148.80426301,1.15738274,1.15853926,-1.15940729,False,STOP LOSS,2.315922,1.15651471,0.0798299864053733,1-2R
2022,LINKUSDT,IGNITION,2022-10-18 04:00:00,2022-10-18 08:15:00,STOP LOSS,-23.2584128,-1.069621080616861,0.2183988196549714,1.1264727980672895,0.2512855094578959,1.2960980805665128,False,False,False,False,17,7.3026495,7.21862661,7.23092226,258.79298832,1.88987449,1.87037632,-23.2584128,False,STOP LOSS,3.76025081,-19.49816199,-0.8536630910933967,<0.5R
2022,LINKUSDT,IGNITION,2022-10-30 17:00:00,2022-10-30 22:15:00,STOP LOSS,27.76658544,1.2800261463374445,2.8013550935193927,0.2953430880526308,4.0834446896284105,0.4305120644351554,True,True,True,True,21,7.6208085,7.50972244,7.76206235,195.27384239,1.48814456,1.51891821,27.76658544,True,STOP LOSS,3.00706277,30.77364821,1.271571338473974,>=2R
2022,LINKUSDT,IGNITION,2022-11-04 13:00:00,2022-11-05 09:30:00,STOP LOSS,42.40334949,1.461870097680542,2.911832928008604,0.5314127931564674,7.86840994069466,1.4359936877093753,True,True,True,True,82,8.2971465,8.07293944,8.61304003,129.37253759,1.0734229,1.11801769,42.40334949,True,STOP LOSS,2.19144059,44.594790079999996,1.4089365874562607,>=2R
2022,LINKUSDT,IGNITION,2022-12-01 12:00:00,2022-12-01 14:00:00,STOP LOSS,-2.08413594,-0.0953834282838322,1.4022057741748477,1.409126947557053,1.472644258080256,1.4799131100763052,True,True,False,False,8,7.5527745,7.47345269,7.56410366,275.46124083,2.08049664,2.08257557,-2.08413594,False,STOP LOSS,4.163072209999999,2.0789362699999994,0.1428252834876042,1-2R
2023,LINKUSDT,IGNITION,2023-01-04 16:00:00,2023-01-04 19:30:00,STOP LOSS,-27.08687255,-1.203861029510121,0.5946499796149066,1.0016878800661406,0.7237650742837769,1.219182254735346,True,False,False,False,14,5.8159065,5.74511948,5.74511948,317.85487636,1.84861424,1.82520118,-27.08687255,False,STOP LOSS,3.6738154200000004,-23.41305713,-1.0,0.5-1R
2023,LINKUSDT,IGNITION,2023-01-08 20:00:00,2023-01-08 22:00:00,STOP LOSS,-2.49758956,-0.1370127628890555,1.198522073413984,0.2091164300035387,0.876282298185046,0.1528924914580677,True,True,False,False,8,5.8299135,5.78728892,5.83865837,427.66128209,2.49322828,2.49571964,-2.49758956,False,STOP LOSS,4.988947919999999,2.491358359999999,0.20516026198968113,1-2R
2023,LINKUSDT,IGNITION,2023-01-18 08:00:00,2023-01-18 08:30:00,STOP LOSS,-36.05096951,-1.2052646800815814,0.0,1.692788271971999,0.0,2.046352534477764,False,False,False,False,2,6.8624295,6.77947199,6.77947199,360.56105071,2.47432479,2.44319134,-36.05096951,False,STOP LOSS,4.917516129999999,-31.133453380000002,-1.0,<0.5R
2023,LINKUSDT,IGNITION,2023-01-21 17:00:00,2023-01-21 23:00:00,MARKET SEVERE SHOCK,-16.03899704,-0.5381655188650902,0.6836695641561069,0.6499649819898751,1.4501325666497795,1.3786417254494596,True,False,False,False,24,6.999498,6.85103154,6.92977727,200.73956811,1.40507621,1.39183412,-16.03899704,False,MARKET SEVERE SHOCK,2.7969103300000002,-13.242086710000002,-0.4696059298510943,0.5-1R
2023,LINKUSDT,IGNITION,2023-01-23 01:00:00,2023-01-23 15:00:00,MARKET SEVERE SHOCK,-32.06772478,-1.0777264474257355,0.5628509087817113,1.3093776809679625,1.6217119830808466,3.772639330369952,True,False,False,False,56,7.1185575,6.91345434,6.95372911,145.07322163,1.03271207,1.00267974,-32.06772478,False,MARKET SEVERE SHOCK,2.03539181,-30.03233297,-0.8036365212510619,0.5-1R
2023,LINKUSDT,IGNITION,2023-01-24 11:00:00,2023-01-24 13:45:00,STOP LOSS,-34.31495049,-1.2177261377809403,0.3999737661491419,1.3382654123565605,0.4560298953321881,1.5258226603193914,False,False,False,False,11,7.1145555,7.03343893,7.03343893,347.39548544,2.47156446,2.44216324,-34.31495049,False,STOP LOSS,4.913727700000001,-29.40122279,-1.0,<0.5R
2023,LINKUSDT,IGNITION,2023-01-26 17:00:00,2023-01-27 01:30:00,STOP LOSS,24.10974621,0.8157357695148959,2.4241718452735057,0.2868320724807696,4.402396174842336,0.5208988880773718,True,True,True,True,34,7.007502,6.88024287,7.01834456,232.24917645,1.62748657,1.65487868,24.10974621,True,STOP LOSS,3.28236525,27.392111460000002,0.08520064532894746,>=2R
2023,LINKUSDT,IGNITION,2023-01-29 15:00:00,2023-01-29 16:15:00,STOP LOSS,-35.3563306,-1.1933354011413668,0.0348037230184198,1.0399706481226592,0.0446490306375056,1.3341584549894323,False,False,False,False,5,7.397697,7.30279336,7.30279336,312.19201561,2.30950194,2.27873384,-35.3563306,False,STOP LOSS,4.58823578,-30.76809482,-1.0,<0.5R
2023,LINKUSDT,IGNITION,2023-02-03 15:00:00,2023-02-04 05:30:00,STOP LOSS,-31.50444194,-1.067148152069002,0.5754393106806518,1.0431400255888172,1.037785281487924,1.8812676593236608,True,False,False,False,58,7.2626295,7.13165044,7.14082574,225.39548129,1.63696387,1.6087051,-31.50444194,False,STOP LOSS,3.24566897,-28.25877297,-0.9299483444147427,0.5-1R
2023,LINKUSDT,IGNITION,2023-02-08 12:00:00,2023-02-08 15:15:00,STOP LOSS,-40.41585721,-1.3734008643015785,0.801274261379546,1.3844227875765474,0.9735929156927238,1.6821508979802926,True,False,False,False,13,7.229613,7.14176917,7.14176917,334.99877222,2.42191148,2.38630384,-40.41585721,False,STOP LOSS,4.80821532,-35.60764189,-1.0,0.5-1R
2023,LINKUSDT,IGNITION,2023-02-17 09:00:00,2023-02-17 15:00:00,STOP LOSS,-0.1410236,-0.0048120527712505,1.0514766028919678,0.5431221149969047,1.6172365981332426,0.8353556885742434,True,True,False,False,24,7.257627,7.14600017,7.26851344,262.53839378,1.90540574,1.9090792,-0.1410236,False,STOP LOSS,3.81448494,3.67346134,0.0975252992492944,1-2R
2023,SOLUSDT,ADAPTIVE_BREAKOUT,2023-02-18 02:00:00,2023-02-18 07:15:00,STOP LOSS,-34.68374936,-1.183507184222897,0.0571724493389839,1.1983301438859353,0.0772418203287046,1.618982617303994,False,False,False,False,21,23.581785,23.26318749,23.26318749,91.98409998,2.16914927,2.13877344,-34.68374936,False,STOP LOSS,4.30792271,-30.37582665,-1.0,<0.5R
2023,LINKUSDT,IGNITION,2023-02-20 10:00:00,2023-02-20 16:30:00,STOP LOSS,-32.01583404,-1.0963630496049428,0.1474453299419419,1.1027586036100077,0.3765889278260553,2.8165468539964884,False,False,False,False,26,8.2051005,7.99553469,7.99553469,139.34455389,1.14333607,1.11357715,-32.01583404,False,STOP LOSS,2.25691322,-29.75892082,-1.0,<0.5R
2023,LINKUSDT,IGNITION,2023-03-14 20:00:00,2023-03-14 20:45:00,STOP LOSS,-33.6781148,-1.1570926100178036,0.1494849157489403,1.0373347183790236,0.2355964874705466,1.6348968372956325,False,False,False,False,3,7.0035,6.89312097,6.89312097,263.68964765,1.84675045,1.81673582,-33.6781148,False,STOP LOSS,3.66348627,-30.014628530000003,-1.0,<0.5R
2023,LINKUSDT,IGNITION,2023-03-19 15:00:00,2023-03-19 20:45:00,STOP LOSS,-1.59359775,-0.0549426066212289,1.423902848702416,0.6497760847092221,2.138404481969536,0.9758278755359158,True,True,False,False,23,7.1285625,7.02150639,7.14051632,270.93055677,1.93134541,1.93361677,-1.59359775,False,STOP LOSS,3.86496218,2.27136443,0.11165939057564796,1-2R
2023,LINKUSDT,IGNITION,2023-03-21 20:00:00,2023-03-22 00:45:00,STOP LOSS,-1.55915053,-0.0537638263057815,1.3807669028344571,0.1005172924453695,2.572700461144611,0.1872878645167047,True,True,False,False,19,7.2826395,7.14694643,7.29356346,213.71756088,1.55642795,1.55798321,-1.55915053,False,STOP LOSS,3.11441116,1.55526063,0.08050492187994189,1-2R
2023,LINKUSDT,IGNITION,2023-03-23 09:00:00,2023-03-23 19:00:00,STOP LOSS,9.5139755,0.4374948595008683,1.7748582879695105,0.6607187185982614,3.33403179233785,1.241145407794479,True,True,False,False,40,7.387692,7.24891585,7.4669903,156.70189171,1.15766531,1.16950646,9.5139755,False,STOP LOSS,2.32717177,11.84114727,0.5714115862127578,1-2R
2023,SOLUSDT,ADAPTIVE_BREAKOUT,2023-03-29 05:00:00,2023-03-29 15:15:00,STOP LOSS,11.29711727,0.3892355766980049,2.4438421097902743,0.4602850484872647,3.057031981378981,0.5757761960722162,True,True,True,True,41,20.920455,20.65875847,20.95183568,110.90653686,2.32021521,2.33616871,11.29711727,True,STOP LOSS,4.65638392,15.953501189999999,0.11991248030685708,>=2R
2023,LINKUSDT,IGNITION,2023-03-30 11:00:00,2023-03-30 14:00:00,STOP LOSS,-34.22022446,-1.1776626879723562,0.1385638401710091,1.0240063972364883,0.1933110523845627,1.428596046804181,False,False,False,False,12,7.3986975,7.29547793,7.29547793,281.51393208,2.08283643,2.05275179,-34.22022446,False,STOP LOSS,4.13558822,-30.08463624,-1.0,<0.5R
2023,LINKUSDT,IGNITION,2023-03-31 08:00:00,2023-04-01 06:45:00,STOP LOSS,-2.40887862,-0.1109248369276787,0.9098150081667932,0.611349977854848,2.332005346015592,1.5669904363488534,True,False,False,False,91,7.5147555,7.32213997,7.50533781,112.74435804,0.84724628,0.84653118,-2.40887862,False,STOP LOSS,1.6937774600000002,-0.7151011599999997,-0.048893721082611544,0.5-1R
2023,LINKUSDT,IGNITION,2023-04-05 01:00:00,2023-04-05 11:00:00,STOP LOSS,-10.72044386,-0.3703363250219786,0.5037970582292004,0.2940842890129566,1.1334162637983858,0.6616154474312699,True,False,False,False,40,7.5207585,7.35156041,7.47683057,171.08857068,1.28671582,1.27856065,-10.72044386,False,STOP LOSS,2.5652764699999997,-8.155167389999999,-0.259624266444146,0.5-1R
2023,LINKUSDT,IGNITION,2023-04-14 20:00:00,2023-04-15 01:15:00,STOP LOSS,-26.49745927,-0.9163693518994278,0.344691969186009,0.8589176428139005,0.6715927842447238,1.673502555155313,False,False,False,False,21,7.7608785,7.60966668,7.64153198,191.22643864,1.48408516,1.46053231,-26.49745927,False,STOP LOSS,2.94461747,-23.5528418,-0.7892671353337333,<0.5R
2023,LINKUSDT,IGNITION,2023-04-16 21:00:00,2023-04-17 00:45:00,MARKET SEVERE SHOCK,-22.88791654,-0.7937214799906206,0.581638419515224,1.2110953362432737,1.0730589761299174,2.2343378255309863,True,False,False,False,15,8.1030495,7.95355714,7.95355714,192.89418235,1.56303111,1.54324947,-22.88791654,False,MARKET SEVERE SHOCK,3.10628058,-19.78163596,-1.0,0.5-1R
2023,LINKUSDT,IGNITION,2023-04-19 00:00:00,2023-04-19 02:15:00,STOP LOSS,-34.70597335,-1.206428230881466,0.1716718645119276,1.001175270372778,0.2063668562081777,1.2035134216524308,False,False,False,False,9,8.582289,8.47912125,8.47912125,278.84237852,2.39310588,2.36315617,-34.70597335,False,STOP LOSS,4.75626205,-29.9497113,-1.0,<0.5R
2023,SOLUSDT,ADAPTIVE_BREAKOUT,2023-04-26 09:00:00,2023-04-26 14:30:00,STOP LOSS,24.88144388,1.1574073854812226,2.965246749471301,0.2452411439594388,3.323675695905413,0.2748850597203618,True,True,True,True,22,22.23111,21.98192669,22.52430756,86.27210193,1.91792459,1.94667063,24.88144388,True,STOP LOSS,3.86459522,28.746039099999997,1.1766340209542931,>=2R
2023,SOLUSDT,ADAPTIVE_BREAKOUT,2023-04-28 11:00:00,2023-04-28 13:45:00,STOP LOSS,-41.60357357,-1.4476816223222089,0.1727673858922117,1.8512262418656864,0.2143265079668192,2.2965379364086145,False,False,False,False,11,22.701345,22.41972356,22.41972356,102.04503059,2.31655944,2.27955198,-41.60357357,False,STOP LOSS,4.59611142,-37.00746215,-1.0,<0.5R
2023,LINKUSDT,IGNITION,2023-04-30 09:00:00,2023-04-30 12:45:00,STOP LOSS,-12.5455854,-0.5846047974493206,0.5535199319434869,0.3890579828593957,0.6425833646369717,0.4516588712295701,True,False,False,False,15,7.219608,7.1357953,7.18860962,256.04642978,1.84855485,1.83969752,-12.5455854,False,STOP LOSS,3.68825237,-8.85733303,-0.36985301750211724,0.5-1R
2023,LINKUSDT,IGNITION,2023-05-29 23:00:00,2023-05-30 04:45:00,HARD DRAWDOWN LOCK,-27.88991781,-1.0401546001700384,0.4233000850648978,0.8194010501225498,0.476632073847164,0.9226381841444176,False,False,False,False,23,6.6463215,6.57148452,6.57746185,358.28867984,2.38130176,2.35815129,-27.88991781,False,HARD DRAWDOWN LOCK,4.73945305,-23.15046476,-0.9201286583183946,<0.5R
2024,SOLUSDT,ADAPTIVE_BREAKOUT,2024-01-27 15:00:00,2024-01-28 17:30:00,STOP LOSS,68.61341028,3.083632996280604,6.737394431641872,0.5166155850954415,7.263441450006708,0.5569522598942235,True,True,True,True,106,92.70633,91.7068828,96.46486402,22.26314248,2.06393423,2.13674833,68.61341028,True,STOP LOSS,4.200682560000001,72.81409284,3.7606128868038557,>=2R
2024,SOLUSDT,ADAPTIVE_BREAKOUT,2024-01-30 11:00:00,2024-01-30 12:45:00,STOP LOSS,-2.27028478,-0.075996304419493,1.5110342555395888,0.2924346674838902,1.9917776797800413,0.3854742811772412,True,True,False,False,7,104.322135,102.94700734,104.4786182,21.72425271,2.26632042,2.26858504,-2.27028478,False,STOP LOSS,4.53490546,2.26462068,0.11379539845776665,1-2R
2024,LINKUSDT,IGNITION,2024-01-30 14:00:00,2024-01-30 23:00:00,STOP LOSS,52.06121663,1.7431127715001322,3.6250039679894366,0.3677446584086293,4.6027112255023335,0.4669298247181536,True,True,True,True,36,15.109551,14.91770321,15.4786359,155.67971484,2.35225059,2.40907313,52.06121663,True,STOP LOSS,4.76132372,56.82254035,1.9238423335499613,>=2R
2024,LINKUSDT,IGNITION,2024-01-31 16:00:00,2024-01-31 20:15:00,STOP LOSS,-24.02042985,-1.0667570277166367,0.6390039016738166,1.0690782946921396,0.9426531959383216,1.5770953331584796,True,False,False,False,17,15.715854,15.48401504,15.48401504,97.12451035,1.52639462,1.505406,-24.02042985,False,STOP LOSS,3.0318006200000003,-20.98862923,-1.0,0.5-1R
2024,LINKUSDT,IGNITION,2024-02-03 11:00:00,2024-02-03 18:00:00,STOP LOSS,-19.79220927,-0.881094853106617,0.1180977305554314,0.9426406757050676,0.2491936227994875,1.9890309819869725,False,False,False,False,28,18.0500205,17.66915374,17.75912058,58.97915397,1.06457494,1.0468942,-19.79220927,False,STOP LOSS,2.11146914,-17.68074013,-0.7637839542626339,<0.5R
2024,LINKUSDT,IGNITION,2024-02-04 12:00:00,2024-02-04 19:15:00,STOP LOSS,-0.36179167,-0.01613796538878,1.1349521026069926,0.2677447210518946,2.988320807380865,0.7049699446768818,True,True,False,False,29,18.1680795,17.68971526,18.20582739,46.86526499,0.85145186,0.85279431,-0.36179167,False,STOP LOSS,1.70424617,1.3424545,0.07891035082387945,1-2R
2024,SOLUSDT,ADAPTIVE_BREAKOUT,2024-02-09 03:00:00,2024-02-09 04:00:00,STOP LOSS,-35.60768192,-1.1912720575502778,0.0636249143561225,1.0383263465001538,0.0824968562769556,1.34630687117863,False,False,False,False,4,105.682815,104.31251846,104.31251846,21.81313994,2.30527403,2.27424587,-35.60768192,False,STOP LOSS,4.5795199,-31.028162019999996,-1.0,<0.5R
2024,LINKUSDT,IGNITION,2024-02-10 18:00:00,2024-02-12 02:15:00,STOP LOSS,154.01504929,7.064972831125841,13.845665120914916,0.1804214236829875,12.161015828585017,0.1584689337827686,True,True,True,True,129,18.4342125,18.27229991,19.91529934,134.63936142,2.4819706,2.64110873,154.01504929,True,STOP LOSS,5.1230793299999995,159.13812862,9.147447026818604,>=2R
2024,LINKUSDT,IGNITION,2024-02-14 03:00:00,2024-02-14 05:00:00,STOP LOSS,-34.32610045,-1.2229506241604866,0.155763830198479,1.106041349311145,0.1734602147510488,1.2316991032551303,False,False,False,False,8,20.140065,19.91578315,19.91578315,125.14728039,2.52047436,2.4911599,-34.32610045,False,STOP LOSS,5.01163426,-29.314466189999997,-1.0,<0.5R
2024,SOLUSDT,ADAPTIVE_BREAKOUT,2024-02-15 01:00:00,2024-02-15 01:45:00,STOP LOSS,-36.15684018,-1.192450284957591,0.0,1.3929629925324982,0.0,1.795161073472415,False,False,False,False,3,118.03899,116.51777945,116.51777945,19.93245807,2.35280722,2.32132451,-36.15684018,False,STOP LOSS,4.67413173,-31.482708450000004,-1.0,<0.5R
2024,LINKUSDT,IGNITION,2024-02-16 06:00:00,2024-02-16 07:30:00,STOP LOSS,-34.72926192,-1.2191461635157694,0.4275718249388522,1.1927628776864714,0.4843583554228142,1.351175713994307,False,False,False,False,6,20.212101,19.98313596,19.98313596,124.41438612,2.51467614,2.4849465,-34.72926192,False,STOP LOSS,4.99962264,-29.72963928,-1.0,<0.5R
2024,LINKUSDT,IGNITION,2024-02-18 10:00:00,2024-02-18 23:45:00,STOP LOSS,-2.1378121,-0.0710899627180273,1.0389694983899276,0.8766344351578457,1.464042008593602,1.2352909697923935,True,True,False,False,55,20.0790345,19.79609501,20.10915305,106.28394794,2.13407906,2.13621154,-2.1378121,False,STOP LOSS,4.2702906,2.1324785,0.1064487322006586,1-2R
2024,LINKUSDT,IGNITION,2024-03-01 23:00:00,2024-03-02 08:30:00,STOP LOSS,81.93752535,2.733574561483536,4.863829716551364,0.0695698861309703,7.343533622080629,0.105038380794577,True,True,True,True,38,19.9769835,19.67536593,20.94355813,99.37915104,1.98529566,2.07128977,81.93752535,True,STOP LOSS,4.05658543,85.99411078,3.204636354573136,>=2R
2024,LINKUSDT,IGNITION,2024-03-11 21:00:00,2024-03-12 04:00:00,STOP LOSS,-31.44102604,-1.050168790573665,0.5546022360742658,1.3842756079677312,0.9567226552864548,2.387959782992681,True,False,False,False,28,21.2576235,20.89091654,20.92515419,81.64290511,1.73553414,1.70753618,-31.44102604,False,STOP LOSS,3.44307032,-27.99795572,-0.9066348508902006,0.5-1R
2024,LINKUSDT,IGNITION,2024-03-13 07:00:00,2024-03-13 12:30:00,STOP LOSS,-27.02576622,-0.90554666133362,0.4739311115913677,0.7168262913048767,0.5882999826250057,0.8898105323868495,False,False,False,False,22,20.8374135,20.5787546,20.65499538,115.3824498,2.40427182,2.38203235,-27.02576622,False,STOP LOSS,4.786304169999999,-22.23946205,-0.7052458662740814,<0.5R
2024,LINKUSDT,IGNITION,2024-03-26 15:00:00,2024-03-26 16:45:00,STOP LOSS,-32.40299013,-1.088677690075473,0.0,1.0921973815351,0.0,3.0273145062131737,False,False,False,False,7,20.320155,19.75692805,19.75692805,52.84480967,1.07381472,1.04352908,-32.40299013,False,STOP LOSS,2.1173438,-30.28564633,-1.0,<0.5R
2024,SOLUSDT,ADAPTIVE_BREAKOUT,2024-03-30 01:00:00,2024-03-30 02:30:00,STOP LOSS,-26.23865785,-1.179275653801711,0.0495232030341325,1.019456886526365,0.0684735950244153,1.4095590292240563,False,False,False,False,6,194.17704,191.49223789,191.49223789,8.28731799,1.60920688,1.58616359,-26.23865785,False,STOP LOSS,3.19537047,-23.04328738,-1.0,<0.5R
2024,SOLUSDT,ADAPTIVE_BREAKOUT,2024-03-31 19:00:00,2024-03-31 20:45:00,STOP LOSS,-2.46995434,-0.1071421554243304,1.3857026656857478,0.3337353781939849,1.295593316637697,0.3120332638601838,True,True,False,False,7,198.429165,196.57390769,198.72680875,12.42580101,2.46564132,2.46810511,-2.46995434,False,STOP LOSS,4.93374643,2.46379209,0.1604325978912271,1-2R
2024,LINKUSDT,IGNITION,2024-04-08 08:00:00,2024-04-08 17:30:00,STOP LOSS,26.59059367,0.8989295658328404,2.2247888409901133,0.075895690191284,3.911306245012745,0.1334289715704489,True,True,True,True,38,17.9739825,17.65798959,18.20262108,93.61060038,1.68255529,1.71254098,26.59059367,True,STOP LOSS,3.39509627,29.98568994,0.7235560443428838,>=2R
2024,LINKUSDT,IGNITION,2024-04-21 11:00:00,2024-04-21 14:00:00,STOP LOSS,-28.03545748,-1.2603013002139862,0.5249583127551873,1.2703125214508555,0.5011952665227559,1.2128098694432274,True,False,False,False,12,14.877435,14.73539515,14.73539515,156.6112868,2.32997424,2.30657533,-28.03545748,False,STOP LOSS,4.63654957,-23.398907910000002,-1.0,0.5-1R
2024,SOLUSDT,ADAPTIVE_BREAKOUT,2024-04-22 06:00:00,2024-04-22 07:45:00,STOP LOSS,-1.31081744,-0.0590938416163335,1.3023228723148434,0.1680497317274382,2.2076766813094286,0.2848751887276073,True,True,False,False,7,153.25659,150.65860906,153.48647489,8.53815484,1.3085285,1.30983604,-1.31081744,False,STOP LOSS,2.61836454,1.3075471,0.08848598019353585,1-2R
2024,LINKUSDT,IGNITION,2024-04-22 20:00:00,2024-04-23 00:15:00,STOP LOSS,-1.78248645,-0.080368154503181,1.230495413172723,0.1442405229662171,1.533751599425954,0.1797886692084872,True,True,False,False,17,15.4066995,15.21466262,15.42980955,115.49351523,1.77937388,1.78115192,-1.78248645,False,STOP LOSS,3.5605258,1.7780393500000002,0.1203417281097239,1-2R
2024,SOLUSDT,ADAPTIVE_BREAKOUT,2024-04-24 05:00:00,2024-04-24 08:30:00,STOP LOSS,-35.0446796,-1.1852764591327676,0.2629846698079338,1.1213427559323663,0.3519351156289296,1.5006193811865087,False,False,False,False,14,159.23958,157.10858126,157.10858126,13.87456072,2.20937922,2.17872264,-35.0446796,False,STOP LOSS,4.388101860000001,-30.656577740000003,-1.0,<0.5R
2024,LINKUSDT,IGNITION,2024-05-05 14:00:00,2024-05-05 18:45:00,STOP LOSS,7.63879424,0.3461462913711728,2.647800773156629,0.5139332647280976,2.379996253096041,0.46195289947592,True,True,True,True,19,14.321157,14.19243017,14.34263874,171.43364316,2.45512812,2.46768973,7.63879424,True,STOP LOSS,4.9228178499999995,12.56161209,0.16687849766828342,>=2R
2024,SOLUSDT,ADAPTIVE_BREAKOUT,2024-05-06 06:00:00,2024-05-06 10:45:00,MARKET SEVERE SHOCK,50.73938595,2.059660702434336,5.412449527316188,0.8809171897695373,5.426646633655063,0.8832278764476823,True,True,True,True,19,148.81437,147.32232283,152.47251806,16.51075644,2.45703782,2.51274699,50.73938595,True,MARKET SEVERE SHOCK,4.96978481,55.70917076,2.4517643500506665,>=2R
2024,SOLUSDT,ADAPTIVE_BREAKOUT,2024-05-18 10:00:00,2024-05-18 13:15:00,STOP LOSS,-34.63100938,-1.2150943872550195,0.4564239751658158,1.0724522363980589,0.5267146489594343,1.2376131271696411,False,False,False,False,13,175.137525,173.11643266,173.11643266,14.10161908,2.46972266,2.44000138,-34.63100938,False,STOP LOSS,4.90972404,-29.72128534,-1.0,<0.5R
2024,LINKUSDT,IGNITION,2024-05-19 14:00:00,2024-05-19 17:00:00,STOP LOSS,-1.43603559,-0.048625142189493,1.2049531967646598,0.3796223583610878,2.4823803276075598,0.7820777411486513,True,True,False,False,12,16.664328,16.3210184,16.68932449,86.02375012,1.43352799,1.43496044,-1.43603559,False,STOP LOSS,2.86848843,1.4324528400000003,0.07281034378298593,1-2R
2024,SOLUSDT,ADAPTIVE_BREAKOUT,2024-05-20 17:00:00,2024-05-21 07:15:00,STOP LOSS,16.61917252,0.5628185965305714,3.640740976697786,0.2158079149023985,4.968087511898444,0.2944874721540638,True,True,True,True,57,179.94993,177.49436668,180.75898444,12.0251311,2.1639215,2.18488948,16.61917252,True,STOP LOSS,4.34881098,20.9679835,0.32947814190351127,>=2R
2024,LINKUSDT,IGNITION,2024-05-23 12:00:00,2024-05-23 13:00:00,MARKET SEVERE SHOCK,-43.03784413,-1.5250697562767144,0.5209251421422528,2.260130308130474,0.5964083826350326,2.5876283415178616,True,False,False,False,4,16.70835,16.51705572,16.51705572,147.5226875,2.4648607,2.42671443,-43.03784413,False,MARKET SEVERE SHOCK,4.89157513,-38.146269000000004,-1.0,0.5-1R
2024,LINKUSDT,IGNITION,2024-05-24 18:00:00,2024-05-25 13:30:00,STOP LOSS,-22.00651189,-0.9963598656139472,0.3524508388277975,0.9313149458342715,0.905108118287158,2.3916547367578063,False,False,False,False,78,17.380686,16.9343429,16.97880806,49.48415516,0.86006856,0.83976188,-22.00651189,False,STOP LOSS,1.69983044,-20.30668145,-0.9003789685558086,<0.5R
2024,SOLUSDT,ADAPTIVE_BREAKOUT,2024-05-29 04:00:00,2024-05-29 08:15:00,STOP LOSS,-22.97841054,-1.0427007843236564,0.5226286713048326,1.52055004134236,0.8663060404813637,2.520454307224101,True,False,False,False,17,172.436175,169.57788367,169.88300813,7.7099896,1.32948112,1.30914133,-22.97841054,False,STOP LOSS,2.63862245,-20.33978809,-0.8932493490787717,0.5-1R
2024,SOLUSDT,ADAPTIVE_BREAKOUT,2024-06-05 16:00:00,2024-06-05 18:45:00,STOP LOSS,-29.26056062,-1.261806648862935,0.4655539347363635,1.1734022311941863,0.4419388108395112,1.1138816536564078,False,False,False,False,11,174.82737,173.16777711,173.16777711,13.97295517,2.442855,2.41845575,-29.26056062,False,STOP LOSS,4.86131075,-24.39924987,-1.0,<0.5R
2024,SOLUSDT,ADAPTIVE_BREAKOUT,2024-07-14 01:00:00,2024-07-16 07:00:00,MARKET SEVERE SHOCK,74.02941365,3.377276028641327,6.838197948289104,0.8178684979666441,10.50992342487235,1.2570176163729545,True,True,True,True,216,144.982455,142.75415668,154.68654494,9.83703959,1.42619815,1.50315692,74.02941365,True,MARKET SEVERE SHOCK,2.9293550699999997,76.95876872,4.354933023510086,>=2R
2024,SOLUSDT,ADAPTIVE_BREAKOUT,2024-07-19 04:00:00,2024-07-19 07:45:00,STOP LOSS,-1.42283246,-0.0644211302103663,1.4691294871224727,0.5007879669816445,2.2844978894635783,0.7787258125756689,True,True,False,False,15,161.92092,159.403048,162.16380138,8.77186171,1.42034792,1.4217672,-1.42283246,False,STOP LOSS,2.84211512,1.41928266,0.09646295760864798,1-2R
2024,SOLUSDT,ADAPTIVE_BREAKOUT,2024-07-21 15:00:00,2024-07-21 18:00:00,MARKET SEVERE SHOCK,-14.39292937,-0.6107870633525722,1.885564041657392,0.996916744260926,1.8108425532105528,0.9574107389791976,True,True,False,False,12,174.117015,172.44484427,174.37819052,14.09219834,2.45369151,2.44419647,-14.39292937,False,MARKET SEVERE SHOCK,4.89788798,-9.495041389999999,0.15618950584070684,1-2R
2024,LINKUSDT,IGNITION,2024-07-22 03:00:00,2024-07-22 05:45:00,STOP LOSS,-34.48474708,-1.1729059325264382,0.0,1.210446125644835,0.0,1.7347568507099052,False,False,False,False,11,14.601297,14.39203779,14.39203779,140.50095647,2.05149619,2.02108403,-34.48474708,False,STOP LOSS,4.07258022,-30.41216686,-1.0,<0.5R
2024,SOLUSDT,ADAPTIVE_BREAKOUT,2024-07-26 09:00:00,2024-07-27 15:30:00,STOP LOSS,37.35378972,1.6999666303407155,4.243796670370284,0.3286282799387697,5.643664866410664,0.4370303343108984,True,True,True,True,122,178.26909,175.89835672,182.66523118,9.2685453,1.65229514,1.69299421,37.35378972,True,STOP LOSS,3.34528935,40.69907907,1.854338156504897,>=2R
2024,SOLUSDT,ADAPTIVE_BREAKOUT,2024-07-29 01:00:00,2024-07-29 14:15:00,STOP LOSS,18.53465953,0.6302220977739333,2.0680688106125023,0.3731741964102672,3.07445958041712,0.5547731184912587,True,True,True,True,53,188.19405,185.39629493,190.11296633,10.51190178,1.97827737,2.0007911,18.53465953,True,STOP LOSS,3.9790684699999996,22.513728,0.6858771700840868,>=2R
2024,LINKUSDT,IGNITION,2024-08-20 14:00:00,2024-08-20 14:15:00,STOP LOSS,-28.29986444,-1.2859263345392804,0.1578769207334996,1.33757429054458,0.1415001311604735,1.1988258744191176,False,False,False,False,1,10.44522,10.35160277,10.35160277,235.0782657,2.4554442,2.43203181,-28.29986444,False,STOP LOSS,4.88747601,-23.41238843,-1.0,<0.5R
2024,LINKUSDT,IGNITION,2024-08-23 13:00:00,2024-08-23 15:00:00,MARKET SEVERE SHOCK,-13.89188372,-0.6304370347394098,0.7278232020434569,1.1401377091075016,1.2347296788623767,1.9342085598160648,True,False,False,False,8,11.675835,11.47775805,11.50423383,111.24627598,1.29889316,1.28758776,-13.89188372,False,MARKET SEVERE SHOCK,2.58648092,-11.3054028,-0.8663358861291013,0.5-1R
2024,SOLUSDT,ADAPTIVE_BREAKOUT,2024-08-24 09:00:00,2024-08-24 22:00:00,STOP LOSS,28.79702668,1.2622233737571726,4.551348214889892,0.4940841135793824,4.247086019357788,0.4610540947635548,True,True,True,True,52,155.687805,154.23500581,157.68758821,15.70383927,2.44489627,2.47861681,28.79702668,True,STOP LOSS,4.92351308,33.72053976,1.376503527648576,>=2R
2024,LINKUSDT,IGNITION,2024-08-25 14:00:00,2024-08-26 01:15:00,STOP LOSS,-33.97430254,-1.2182799324762854,0.8205040430534911,1.196538380607408,0.9331399873833656,1.3607950123299015,True,False,False,False,45,12.2061,12.06728289,12.06728289,200.89099074,2.45209552,2.42299631,-33.97430254,False,STOP LOSS,4.87509183,-29.099210709999998,-1.0,0.5-1R
2024,SOLUSDT,ADAPTIVE_BREAKOUT,2024-09-19 13:00:00,2024-09-20 13:15:00,MARKET SEVERE SHOCK,93.46927517,3.187551175775108,6.348688797858695,0.3109004880718218,8.424945302281273,0.4125764689145108,True,True,True,True,97,140.65029,138.78380853,148.51936808,15.71042834,2.2096763,2.30766292,93.46927517,True,MARKET SEVERE SHOCK,4.51733922,97.98661439,4.2159958223426,>=2R
2024,SOLUSDT,ADAPTIVE_BREAKOUT,2024-09-24 09:00:00,2024-09-24 10:15:00,STOP LOSS,-35.18213914,-1.188439988446219,0.0695766516060519,1.0674139009550785,0.0915590754858612,1.4046584260128832,False,False,False,False,5,148.37415,146.42162718,146.42162718,15.16173379,2.24960936,2.21889573,-35.18213914,False,STOP LOSS,4.46850509,-30.713634049999996,-1.0,<0.5R
2024,SOLUSDT,ADAPTIVE_BREAKOUT,2024-09-25 15:00:00,2024-09-25 17:30:00,STOP LOSS,-33.34913043,-1.2240108433085697,0.6677738488960842,1.0965605797324824,0.7401437621110384,1.215400205035822,True,False,False,False,10,151.8759,150.19254567,150.19254567,16.18541013,2.45817373,2.42971249,-33.34913043,False,STOP LOSS,4.88788622,-28.461244210000004,-1.0,0.5-1R
2024,LINKUSDT,IGNITION,2024-09-26 07:00:00,2024-09-28 06:45:00,STOP LOSS,34.50201255,1.5648215805794274,2.7742257807721327,0.6603965226256941,5.004593950985358,1.1913292945696907,True,True,True,True,191,12.26613,12.04485385,12.62192313,99.64258721,1.22222893,1.25921238,34.50201255,True,STOP LOSS,2.48144131,36.983453860000004,1.6079144995970016,>=2R
2024,SOLUSDT,ADAPTIVE_BREAKOUT,2024-09-29 20:00:00,2024-09-29 22:00:00,STOP LOSS,-2.46276242,-0.0841649661384276,1.1958193231320793,0.2263422876157337,1.423289484280002,0.2693973843536661,True,True,False,False,8,159.509715,157.61119659,159.74897957,15.41261578,2.45846195,2.46091857,-2.46276242,False,STOP LOSS,4.91938052,2.4566181,0.1260269949133587,1-2R
2024,LINKUSDT,IGNITION,2024-10-07 17:00:00,2024-10-07 18:30:00,STOP LOSS,-33.74017152,-1.1439613097483166,0.0212339266219907,1.0857480299746551,0.0364869468380006,1.8656761584605668,False,False,False,False,6,11.56578,11.36704144,11.36704144,148.40680349,1.71644044,1.68610281,-33.74017152,False,STOP LOSS,3.40254325,-30.337628269999996,-1.0,<0.5R
2024,SOLUSDT,ADAPTIVE_BREAKOUT,2024-10-11 18:00:00,2024-10-12 12:15:00,STOP LOSS,-2.45369585,-0.1154337514488432,1.055706580581416,0.9734886433562692,0.91615603043751,0.8448062251180557,True,True,False,False,73,145.942935,144.67642305,146.1618494,16.78334904,2.44941122,2.45185879,-2.45369585,False,STOP LOSS,4.90127001,2.4475741600000003,0.1728482704012303,1-2R
2024,SOLUSDT,ADAPTIVE_BREAKOUT,2024-10-18 17:00:00,2024-10-18 20:15:00,STOP LOSS,-29.05546299,-1.2649785407335483,0.6037753406681253,1.0867723425057494,0.5663267666057854,1.0193663525357155,True,False,False,False,13,155.767845,154.30678003,154.30678003,15.72081705,2.44879779,2.42461574,-29.05546299,False,STOP LOSS,4.8734135300000005,-24.182049459999998,-1.0,0.5-1R
2024,SOLUSDT,ADAPTIVE_BREAKOUT,2024-10-19 15:00:00,2024-10-19 18:00:00,STOP LOSS,-30.02296204,-1.1907097598631684,0.2783899618689332,1.065729539973255,0.2875003856293173,1.1006059689146357,False,False,False,False,12,157.048485,155.4266054,155.50752916,15.54637046,2.44153393,2.41636887,-30.02296204,False,STOP LOSS,4.8579028,-25.165059239999998,-0.9501049523034938,<0.5R
2024,LINKUSDT,IGNITION,2024-10-21 04:00:00,2024-10-21 06:00:00,STOP LOSS,-2.43828591,-0.1206957409585527,1.2564587784694776,0.5666243711375931,1.0428343439718346,0.4702863034420508,True,True,False,False,8,11.895945,11.79721116,11.91378892,204.60990592,2.43402819,2.43646039,-2.43828591,False,STOP LOSS,4.87048858,2.43220267,0.1807274993052105,1-2R
2024,LINKUSDT,IGNITION,2024-10-22 02:00:00,2024-10-22 09:30:00,STOP LOSS,17.07955977,0.7798612656844176,2.592977646216188,0.6647931942810424,3.163308362739095,0.8110158118910082,True,True,True,True,30,11.82591,11.68163957,11.91944056,151.80357381,1.7952154,1.81590608,17.07955977,True,STOP LOSS,3.61112148,20.69068125,0.6483002788582469,>=2R
2024,SOLUSDT,ADAPTIVE_BREAKOUT,2024-10-22 15:00:00,2024-10-22 15:30:00,STOP LOSS,-25.71844993,-1.1722603378947725,0.3041804674962915,1.2025933136631666,0.4375574319093436,1.7299060859791011,False,False,False,False,2,170.24508,167.79613906,167.79613906,8.95864664,1.52516551,1.5024747,-25.71844993,False,STOP LOSS,3.02764021,-22.690809719999997,-1.0,<0.5R
2024,SOLUSDT,ADAPTIVE_BREAKOUT,2024-10-24 14:00:00,2024-10-25 01:15:00,STOP LOSS,-1.91142254,-0.087354038095443,1.6815351842334303,0.7028898269433798,1.92833284188302,0.8060524395975018,True,True,False,False,45,175.90791,173.89065218,176.17177187,10.84706667,1.90808483,1.90999148,-1.91142254,False,STOP LOSS,3.81807631,1.90665377,0.13080225412138932,1-2R
2024,LINKUSDT,IGNITION,2024-10-29 21:00:00,2024-10-30 09:00:00,STOP LOSS,46.59964156,1.5975537479740107,3.1570193435781646,0.141765268713217,4.960484321365684,0.2227494722820012,True,True,True,True,48,11.575785,11.39389983,11.88117466,160.37246604,1.85643719,1.90680007,46.59964156,True,STOP LOSS,3.7632372600000004,50.362878820000006,1.679024518601493,>=2R
2024,SOLUSDT,ADAPTIVE_BREAKOUT,2024-11-06 22:00:00,2024-11-07 00:15:00,STOP LOSS,-34.02496249,-1.1608981367723694,0.3629581294201769,1.0708978911963138,0.5586373391721956,1.6482439707817376,False,False,False,False,9,188.95443,186.04618821,186.04618821,10.07796928,1.90427694,1.87403029,-34.02496249,False,STOP LOSS,3.7783072300000002,-30.24665526,-1.0,<0.5R
2024,SOLUSDT,ADAPTIVE_BREAKOUT,2024-11-07 16:00:00,2024-11-08 15:15:00,STOP LOSS,54.57988759,1.86872007581929,4.337880935405721,0.6394508407189529,6.357410446087616,0.9371514606050284,True,True,True,True,93,192.746325,189.92151833,198.55537826,10.33950281,1.99290117,2.05152548,54.57988759,True,STOP LOSS,4.04442665,58.62431424,2.0564427724181042,>=2R
2024,LINKUSDT,IGNITION,2024-11-11 03:00:00,2024-11-11 04:30:00,STOP LOSS,-32.23171379,-1.0974053721128578,0.0,1.3254177294960765,0.0,3.349563182645258,False,False,False,False,6,14.54727,14.17963496,14.17963496,79.8912871,1.16220012,1.13226287,-32.23171379,False,STOP LOSS,2.29446299,-29.9372508,-1.0,<0.5R
2024,SOLUSDT,ADAPTIVE_BREAKOUT,2024-11-16 04:00:00,2024-11-16 08:45:00,STOP LOSS,-34.48756627,-1.1780897767681615,0.1749866196865586,1.1130872500325906,0.2435440813974537,1.5491802305226676,False,False,False,False,19,221.45067,218.36854863,218.36854863,9.4980494,2.1033494,2.07303822,-34.48756627,False,STOP LOSS,4.17638762,-30.311178650000002,-1.0,<0.5R
2024,LINKUSDT,IGNITION,2024-11-16 17:00:00,2024-11-16 23:00:00,EMERGENCY STOP EXIT,41.00318192,1.405630016121879,2.6125432263971726,0.2604380311395585,4.026748932144344,0.401416731859104,True,True,True,True,24,14.22711,14.00782559,14.58354392,133.02668871,1.89258533,1.93741852,41.00318192,True,EMERGENCY STOP EXIT,3.8300038499999998,44.83318577,1.6254412249370591,>=2R
2024,LINKUSDT,IGNITION,2024-11-17 07:00:00,2024-11-17 11:15:00,STOP LOSS,-34.49274594,-1.177480470785353,0.4632991828043727,1.176450927651992,0.9210869929365753,2.338906882436638,False,False,False,False,17,14.417205,14.13057596,14.13057596,102.20069935,1.47344843,1.44187101,-34.49274594,False,STOP LOSS,2.91531944,-31.577426499999998,-1.0,<0.5R
2024,LINKUSDT,IGNITION,2024-11-18 13:00:00,2024-11-18 13:15:00,MARKET SEVERE SHOCK,-20.13470384,-0.919701225786132,0.0,0.9324838234007484,0.0,2.046222068029344,False,False,False,False,1,14.52726,14.20847699,14.20847699,68.67573461,0.99767025,0.97951273,-20.13470384,False,MARKET SEVERE SHOCK,1.97718298,-18.15752086,-1.0,<0.5R
2024,LINKUSDT,IGNITION,2024-11-20 10:00:00,2024-11-20 11:15:00,STOP LOSS,-32.96620476,-1.13170013913993,0.2603115194491913,1.0668019796372696,0.488476300570257,2.001861022350769,False,False,False,False,5,14.857425,14.57862443,14.57862443,104.48258891,1.55234223,1.52245082,-32.96620476,False,STOP LOSS,3.0747930500000002,-29.891411709999996,-1.0,<0.5R
2024,LINKUSDT,IGNITION,2024-11-22 21:00:00,2024-11-23 16:30:00,MARKET SEVERE SHOCK,163.13786968,5.619454878058801,10.5306848855299,0.1286292231382588,20.136010426159466,0.2459554536457331,True,True,True,True,78,15.30765,15.01494824,17.81622956,99.1825488,1.51825174,1.68459246,163.13786968,True,MARKET SEVERE SHOCK,3.2028442,166.34071387999998,8.57042868481556,>=2R
2024,LINKUSDT,IGNITION,2024-11-27 18:00:00,2024-11-28 02:45:00,STOP LOSS,-0.72393441,-0.0326976761885625,1.4364452454577958,0.3032765543737197,4.400795753854794,0.9291396083156808,True,True,False,False,35,18.199095,17.64153459,18.22639364,39.70913279,0.72267028,0.72339241,-0.72393441,False,STOP LOSS,1.44606269,0.72212828,0.04896086506572705,1-2R
2024,SOLUSDT,ADAPTIVE_BREAKOUT,2024-11-29 12:00:00,2024-11-29 17:15:00,STOP LOSS,-34.3949668,-1.165214225702343,0.3880501772240089,1.2947629271249146,0.5817945769795155,1.9412078480782424,False,False,False,False,21,245.34261,241.66424549,241.66424549,8.0248025,1.96882599,1.93833819,-34.3949668,False,STOP LOSS,3.90716418,-30.48780262,-1.0,<0.5R
2024,LINKUSDT,IGNITION,2024-12-01 15:00:00,2024-12-01 20:15:00,STOP LOSS,-34.53621915,-1.1741037472174165,0.749264891210183,1.305050613104863,1.0664880325794626,1.8575818473741812,True,False,False,False,21,18.8094,18.54167092,18.54167092,109.86839285,2.06655855,2.03612501,-34.53621915,False,STOP LOSS,4.10268356,-30.43353559,-1.0,0.5-1R
2024,LINKUSDT,IGNITION,2024-12-04 14:00:00,2024-12-04 16:00:00,STOP LOSS,32.9415401,1.123849092957128,2.5524688647261287,0.4267962840327583,7.81627441857165,1.3069530143650256,True,True,True,True,8,24.662325,23.90710521,25.37453014,38.81168862,0.95718648,0.99207728,32.9415401,True,STOP LOSS,1.94926376,34.89080386,0.9430435343861997,>=2R
2024,LINKUSDT,IGNITION,2024-12-08 18:00:00,2024-12-08 18:45:00,STOP LOSS,-33.52274528,-1.1398347728802714,0.1458402165751735,1.0075629735291398,0.257918788006849,1.7818776403096093,False,False,False,False,3,25.982985,25.52347526,25.52347526,64.00338654,1.66299903,1.63277206,-33.52274528,False,STOP LOSS,3.2957710899999997,-30.226974190000004,-1.0,<0.5R
2024,SOLUSDT,ADAPTIVE_BREAKOUT,2024-12-12 18:00:00,2024-12-12 18:45:00,STOP LOSS,-35.10688277,-1.1977942044288417,0.1814864333425878,1.0137129757017864,0.2276164942652623,1.2713776422333962,False,False,False,False,3,234.15702,231.22027156,231.22027156,9.98029354,2.3369558,2.30649236,-35.10688277,False,STOP LOSS,4.64344816,-30.46343461,-1.0,<0.5R
2024,LINKUSDT,IGNITION,2024-12-13 11:00:00,2024-12-13 14:30:00,STOP LOSS,-23.96089048,-1.0939438376553063,0.3006313037575341,1.044832822951722,0.787302683736662,2.736240954566356,False,False,False,False,14,28.664325,27.91365467,27.91365467,29.17821211,0.83637375,0.8140633,-23.96089048,False,STOP LOSS,1.65043705,-22.31045343,-1.0,<0.5R
2024,SOLUSDT,ADAPTIVE_BREAKOUT,2024-12-25 02:00:00,2024-12-25 07:15:00,STOP LOSS,-11.90681198,-0.5449514915812391,0.9626352623276572,0.4868509874028809,1.259348241960127,0.6369130231110119,True,False,False,False,21,199.33962,196.73179947,198.41534775,8.378378,1.67014269,1.66156758,-11.90681198,False,STOP LOSS,3.3317102700000003,-8.57510171,-0.354423258566801,0.5-1R
2024,LINKUSDT,IGNITION,2024-12-25 10:00:00,2024-12-25 12:00:00,STOP LOSS,-24.27294767,-1.1122891574016065,0.9581265589140064,1.0762859648713676,2.104636304602186,2.3641871678931072,True,False,False,False,8,25.062525,24.51199752,24.51199752,39.63928515,0.99346057,0.97115224,-24.27294767,False,STOP LOSS,1.96461281,-22.308334860000002,-1.0,0.5-1R
2025h1,LINKUSDT,IGNITION,2025-01-02 17:00:00,2025-01-02 21:15:00,STOP LOSS,-26.39504682,-1.1731131760656577,0.8735221771823196,1.0373222691472106,1.2504066495240334,1.4848789154099615,True,False,False,False,17,22.301145,21.98191441,21.98191441,70.48196824,1.57182859,1.54855393,-26.39504682,False,STOP LOSS,3.1203825199999997,-23.2746643,-1.0,0.5-1R
2025h1,SOLUSDT,ADAPTIVE_BREAKOUT,2025-01-03 12:00:00,2025-01-04 03:15:00,STOP LOSS,6.05773321,0.2024588313728799,1.726817340131805,0.8421302168516637,2.4240816380920136,1.182170428863511,True,True,False,False,61,214.62726,211.61435303,215.77543215,9.9308791,2.13143737,2.14176831,6.05773321,False,STOP LOSS,4.27320568,10.33093889,0.38108450125826054,1-2R
2025h1,LINKUSDT,IGNITION,2025-01-06 02:00:00,2025-01-06 07:15:00,STOP LOSS,-1.59297151,-0.0532072600887357,1.2776038039740238,0.0939998187684402,2.405383500541144,0.1769763148921096,True,True,False,False,21,23.621805,23.1770701,23.65723771,67.31872805,1.59018987,1.59177886,-1.59297151,False,STOP LOSS,3.18196873,1.58899722,0.07967153016325522,1-2R
2025h1,SOLUSDT,ADAPTIVE_BREAKOUT,2025-01-06 14:00:00,2025-01-06 14:30:00,STOP LOSS,-29.5306109,-1.2657486626799572,0.0442958990685668,1.035615153788813,0.0414287597856356,0.9685829239015596,False,False,False,False,2,218.80935,216.76288516,216.76288516,11.40041515,2.49451743,2.46995129,-29.5306109,False,STOP LOSS,4.96446872,-24.56614218,-1.0,<0.5R
2025h1,SOLUSDT,ADAPTIVE_BREAKOUT,2025-01-17 09:00:00,2025-01-17 15:30:00,STOP LOSS,-2.23507695,-0.0748879450850636,1.976772363330384,0.6143068879931062,2.644257675120282,0.8217363483969035,True,True,False,False,26,216.38814,213.49359326,216.71272221,10.3109813,2.23117407,2.23340357,-2.23507695,False,STOP LOSS,4.46457764,2.22950069,0.11213576395730232,1-2R
2025h1,LINKUSDT,IGNITION,2025-01-18 14:00:00,2025-01-18 16:15:00,STOP LOSS,-32.12176744,-1.0765059892344966,0.0851881986452755,1.2880022261306516,0.2729652944125739,4.127096387186045,False,False,False,False,9,24.77238,23.97860808,23.97860808,37.59129192,0.93122577,0.90093616,-32.12176744,False,STOP LOSS,1.8321619299999998,-30.28960551,-1.0,<0.5R
2025h1,LINKUSDT,IGNITION,2025-01-24 04:00:00,2025-01-24 21:00:00,STOP LOSS,12.7204747,0.5702481727815745,2.433285182478452,0.4486318542240096,4.785038091580697,0.8822313664737794,True,True,True,True,68,25.23261,24.73641251,25.36387069,44.95570918,1.13434988,1.14935406,12.7204747,True,STOP LOSS,2.28370394,15.004178640000001,0.2645331599722475,>=2R
2025h1,LINKUSDT,IGNITION,2025-01-26 17:00:00,2025-01-26 21:30:00,STOP LOSS,5.92387723,0.2652221310423907,1.535135731685742,0.3191222702194577,2.6734589108715423,0.5557555982615979,True,True,False,False,18,25.702845,25.2552266,25.88608233,49.89859974,1.28253597,1.29103342,5.92387723,False,STOP LOSS,2.5735693900000003,8.497446620000002,0.40936058481957155,1-2R
2025h1,LINKUSDT,IGNITION,2025-03-20 09:00:00,2025-03-20 10:15:00,STOP LOSS,-25.29108626,-1.13164995105742,0.0,1.1770621767667309,0.0,2.2095974295094223,False,False,False,False,5,14.817405,14.53925062,14.53925062,80.34696395,1.19053351,1.16760055,-25.29108626,False,STOP LOSS,2.3581340600000003,-22.9329522,-1.0,<0.5R
2025h1,SOLUSDT,ADAPTIVE_BREAKOUT,2025-03-24 01:00:00,2025-03-24 02:00:00,STOP LOSS,-26.83515621,-1.2038045264355657,0.3123975691978529,1.1318561741676785,0.380332399121108,1.3779927138568482,False,False,False,False,4,134.78736,133.14637412,133.14637412,13.58448916,1.83101743,1.80782111,-26.83515621,False,STOP LOSS,3.63883854,-23.19631767,-1.0,<0.5R
2025h1,LINKUSDT,IGNITION,2025-03-25 00:00:00,2025-03-25 03:30:00,STOP LOSS,-32.71913055,-1.2307461467784508,0.6901444052052068,1.2740678922614816,0.7427548618288319,1.37119146969807,True,False,False,False,14,15.137565,14.97464982,14.97464982,163.1817992,2.47017509,2.44236851,-32.71913055,False,STOP LOSS,4.9125436,-27.806586950000003,-1.0,0.5-1R
2025h1,SOLUSDT,ADAPTIVE_BREAKOUT,2025-03-25 10:00:00,2025-03-25 12:15:00,STOP LOSS,-26.8064326,-1.2097880551501756,0.1588506583080019,1.100953501409192,0.1879179416242165,1.30241144740895,False,False,False,False,9,142.921425,141.23068602,141.23068602,13.10548701,1.87305488,1.84997147,-26.8064326,False,STOP LOSS,3.72302635,-23.08340625,-1.0,<0.5R
2025h1,SOLUSDT,ADAPTIVE_BREAKOUT,2025-04-19 04:00:00,2025-04-19 15:45:00,STOP LOSS,-2.22399172,-0.1006438415893962,1.1650486054916045,0.80251123713573,1.1596204491040765,0.798772203006692,True,True,False,False,47,138.88941,137.50698699,139.09774412,15.98471902,2.22010819,2.22232664,-2.22399172,False,STOP LOSS,4.44243483,2.21844311,0.1507021501327512,1-2R
2025h1,SOLUSDT,ADAPTIVE_BREAKOUT,2025-04-22 13:00:00,2025-04-23 14:00:00,STOP LOSS,114.74311679,4.093977108510515,7.859838435017718,0.2913380245282831,8.974076310261172,0.3326391103090989,True,True,True,True,100,141.51072,139.89500231,149.73875103,17.34665546,2.4547377,2.57451007,114.74311679,True,STOP LOSS,5.02924777,119.77236456,5.092493002289297,>=2R
2025h1,LINKUSDT,IGNITION,2025-04-24 15:00:00,2025-04-25 13:30:00,STOP LOSS,-1.08446904,-0.0363902578404051,1.05693091666235,0.3846605964587314,2.909514287270901,1.0588918192317014,True,True,False,False,90,14.86743,14.45816011,14.88973114,72.81523082,1.08257535,1.08365711,-1.08446904,False,STOP LOSS,2.16623246,1.0817634199999997,0.05449005789309267,1-2R
2025h1,LINKUSDT,IGNITION,2025-04-26 02:00:00,2025-04-26 09:45:00,STOP LOSS,-33.22533572,-1.115025403793038,0.09916189675186,1.0642070679195603,0.2127057364878629,2.2827613788375163,False,False,False,False,31,15.22761,14.90097244,14.90097244,91.22597067,1.3891535,1.358676,-33.22533572,False,STOP LOSS,2.7478295,-30.477506219999995,-1.0,<0.5R
2025h1,LINKUSDT,IGNITION,2025-04-29 07:00:00,2025-04-29 13:30:00,STOP LOSS,-27.31039165,-0.919599026256402,0.1125306948631113,0.922295313074007,0.2792411435915789,2.2886448738740004,False,False,False,False,26,15.18759,14.81071505,14.87851408,78.80107709,1.19679845,1.17185671,-27.31039165,False,STOP LOSS,2.36865516,-24.94173649,-0.8201020524181831,<0.5R
2025h1,SOLUSDT,ADAPTIVE_BREAKOUT,2025-05-01 15:00:00,2025-05-01 17:45:00,STOP LOSS,-31.18302008,-1.2447430321892647,0.5814317909485502,1.3041294434569717,0.5901859213521276,1.3237646257584796,True,False,False,False,11,153.086505,151.532591,151.532591,16.12172434,2.46801843,2.44174518,-31.18302008,False,STOP LOSS,4.90976361,-26.27325647,-1.0,0.5-1R
2025h1,LINKUSDT,IGNITION,2025-05-11 18:00:00,2025-05-12 01:45:00,STOP LOSS,-1.28180669,-0.0434177056610133,1.158168519181448,0.4320352918548483,2.6721689480896176,0.9968076944357804,True,True,False,False,31,16.898445,16.50855787,16.92379267,75.72107383,1.2795684,1.28084701,-1.28180669,False,STOP LOSS,2.56041541,1.27860872,0.06501284102402219,1-2R
2025h1,SOLUSDT,ADAPTIVE_BREAKOUT,2025-05-13 18:00:00,2025-05-14 02:15:00,STOP LOSS,27.2917612,0.9245544011199854,2.556279375782025,0.1856287636719994,3.621155272192874,0.2629566167961855,True,True,True,True,33,178.419165,175.89172803,180.45006118,11.67935229,2.08382028,2.11531118,27.2917612,True,STOP LOSS,4.19913146,31.49089266,0.8035397931209403,>=2R
2025h1,SOLUSDT,ADAPTIVE_BREAKOUT,2025-05-18 14:00:00,2025-05-18 18:00:00,STOP LOSS,4.7485844,0.1811326495959754,2.096920972233543,0.4279262313868899,2.2285825206357703,0.4547948787858025,True,True,True,True,16,172.916415,171.07868003,173.17578962,14.26541932,2.46672517,2.47641689,4.7485844,True,STOP LOSS,4.94314206,9.69172646,0.14113820775799163,>=2R
2025h1,LINKUSDT,IGNITION,2025-05-20 09:00:00,2025-05-20 10:15:00,STOP LOSS,-34.81079876,-1.1754469330690882,0.2302934596657418,1.0095098225186176,0.3253066833291691,1.42600789717782,False,False,False,False,5,15.98799,15.76214772,15.76214772,131.13110227,2.09652275,2.06587435,-34.81079876,False,STOP LOSS,4.1623971,-30.648401659999998,-1.0,<0.5R
2025h1,SOLUSDT,ADAPTIVE_BREAKOUT,2025-05-22 04:00:00,2025-05-22 11:30:00,STOP LOSS,-1.80722413,-0.0612400057018407,1.3654458557871547,0.5730550877496711,2.233563419613495,0.9373897002186116,True,True,False,False,30,176.918415,174.02442621,177.18379262,10.19717681,1.80406836,1.80587107,-1.80722413,False,STOP LOSS,3.60993943,1.8027152999999998,0.0916996019186309,1-2R
2025h1,SOLUSDT,ADAPTIVE_BREAKOUT,2025-05-23 02:00:00,2025-05-23 06:30:00,STOP LOSS,-34.60333899,-1.1727920375702932,0.8252171924933077,1.1651103332926356,1.1834368935440551,1.6708747297204392,True,False,False,False,18,183.23157,180.60386178,180.60386178,11.22845128,2.05740676,2.02688771,-34.60333899,False,STOP LOSS,4.08429447,-30.519044519999998,-1.0,0.5-1R
2025h1,LINKUSDT,IGNITION,2025-05-28 11:00:00,2025-05-28 14:15:00,STOP LOSS,-27.40111669,-1.2426267992766966,0.9929728031407524,1.3970009261454572,1.016660533512285,1.4303268955603765,True,False,False,False,13,15.937965,15.77478329,15.77478329,135.13133481,2.15371848,2.13060169,-27.40111669,False,STOP LOSS,4.284320170000001,-23.116796519999998,-1.0,0.5-1R
2025h1,SOLUSDT,ADAPTIVE_BREAKOUT,2025-06-03 15:00:00,2025-06-03 16:30:00,STOP LOSS,-26.6042684,-1.2098728026897403,0.19600787470868,1.2025314390342718,0.2317814006343892,1.4220062416395765,False,False,False,False,6,163.26159,161.3310043,161.3310043,11.38996846,1.85954436,1.83663627,-26.6042684,False,STOP LOSS,3.6961806299999997,-22.908087769999998,-1.0,<0.5R
2025h1,SOLUSDT,ADAPTIVE_BREAKOUT,2025-06-09 11:00:00,2025-06-09 14:00:00,STOP LOSS,-26.84186379,-1.2240098559988557,0.6863094059905087,1.3685700029760393,0.7606914277010322,1.5168952376081033,True,False,False,False,12,155.427675,153.70494617,153.70494617,12.72948494,1.97851425,1.95560651,-26.84186379,False,STOP LOSS,3.93412076,-22.907743030000002,-1.0,0.5-1R
2025h1,SOLUSDT,ADAPTIVE_BREAKOUT,2025-06-11 04:00:00,2025-06-11 05:30:00,STOP LOSS,-34.38962428,-1.179393277517508,0.0159127504392518,1.0430565955794355,0.0219875662456761,1.4412515347893933,False,False,False,False,6,166.753335,164.44920787,164.44920787,12.65500571,2.11026441,2.08006511,-34.38962428,False,STOP LOSS,4.190329520000001,-30.19929476,-1.0,<0.5R
2025h1,SOLUSDT,ADAPTIVE_BREAKOUT,2025-06-25 08:00:00,2025-06-25 08:45:00,STOP LOSS,-31.6068451,-1.2349709844521068,0.0299065342171968,1.1793478872977703,0.0316112945499857,1.2465741824686611,False,False,False,False,3,147.083505,145.52882803,145.52882803,16.46206184,2.42129775,2.39450671,-31.6068451,False,STOP LOSS,4.81580446,-26.791040640000002,-1.0,<0.5R
2025h1,SOLUSDT,ADAPTIVE_BREAKOUT,2025-06-28 16:00:00,2025-06-29 04:00:00,EMERGENCY STOP EXIT,20.14022188,0.905559572455085,3.2692207600261454,0.0981515834373085,3.012748485368535,0.090451534491941,True,True,True,True,48,148.23408,146.8680297,149.56710041,16.28097967,2.41339604,2.43838805,20.14022188,True,EMERGENCY STOP EXIT,4.85178409,24.992005969999997,0.9758208830231049,>=2R
2025h1,LINKUSDT,IGNITION,2025-06-29 23:00:00,2025-06-30 02:30:00,STOP LOSS,-32.96104418,-1.135758499038628,0.3708638878150128,1.0232115147760454,0.6753517290701612,1.8632918664035203,False,False,False,False,14,13.78689,13.53582754,13.53582754,115.59343941,1.59367403,1.56387053,-32.96104418,False,STOP LOSS,3.15754456,-29.803499620000004,-1.0,<0.5R
2025h1,SOLUSDT,ADAPTIVE_BREAKOUT,2025-07-06 17:00:00,2025-07-06 18:45:00,STOP LOSS,-33.84897773,-1.2146838701972182,0.0,1.1159825214164818,0.0,1.2902927414223726,False,False,False,False,7,153.186555,151.41542063,151.41542063,15.73369698,2.41019084,2.38113318,-33.84897773,False,STOP LOSS,4.791324019999999,-29.057653710000004,-1.0,<0.5R
2025h1,SOLUSDT,ADAPTIVE_BREAKOUT,2025-07-14 04:00:00,2025-07-14 15:30:00,STOP LOSS,-32.01252844,-1.1107461135530954,0.5415841120998349,1.0164818840059595,0.8711131239478711,1.634964338188751,True,False,False,False,46,167.193555,164.5043236,164.62054373,10.71709305,1.79182889,1.76337156,-32.01252844,False,STOP LOSS,3.55520045,-28.457327989999996,-0.9567831425737422,0.5-1R
2025h1,SOLUSDT,ADAPTIVE_BREAKOUT,2025-07-20 09:00:00,2025-07-20 15:00:00,STOP LOSS,-1.91831945,-0.0890438810263403,1.1699920091559268,0.7180038369385549,1.3162483506448206,0.807758821198132,True,True,False,False,24,180.79035,178.75644722,181.06153553,10.59221188,1.91496969,1.91688323,-1.91831945,False,STOP LOSS,3.83185292,1.9135334700000002,0.13333259222940827,1-2R
2025h1,SOLUSDT,ADAPTIVE_BREAKOUT,2025-07-21 03:00:00,2025-07-22 04:45:00,STOP LOSS,95.20547259,4.420099891975205,8.575851819697416,0.2170338433762243,10.973047706373556,0.2777010106208835,True,True,True,True,103,184.43217,182.07230763,197.40315831,9.12731741,1.68337096,1.78204184,95.20547259,True,STOP LOSS,3.4654128,98.67088539,5.496502031175651,>=2R
2025h1,LINKUSDT,IGNITION,2025-07-22 21:00:00,2025-07-23 07:15:00,STOP LOSS,-20.26571108,-0.698707580924198,0.961507699033686,0.6104870857862923,1.699922438368877,1.0793264541776546,True,False,False,False,41,19.42971,19.08619741,19.2379722,84.43523813,1.64055219,1.62355058,-20.26571108,False,STOP LOSS,3.26410277,-17.001608309999998,-0.5581681882460225,0.5-1R
2025h1,LINKUSDT,IGNITION,2025-07-26 19:00:00,2025-07-27 09:45:00,STOP LOSS,21.96502674,0.7588861755736558,2.168253207602264,0.4164102377820587,3.3648034984676856,0.6462061810743333,True,True,True,True,59,18.44922,18.1629158,18.61005942,101.09446442,1.86511401,1.89083499,21.96502674,True,STOP LOSS,3.755949,25.72097574,0.5617780668254203,>=2R
2025h1,SOLUSDT,ADAPTIVE_BREAKOUT,2025-07-28 03:00:00,2025-07-28 07:30:00,STOP LOSS,-2.42170084,-0.090416200362932,1.6973702948349687,0.1863885154873419,1.8805694250389933,0.2065056425639769,True,True,False,False,18,191.65578,189.53236591,191.94326367,12.61361425,2.41747208,2.41988774,-2.42170084,False,STOP LOSS,4.83735982,2.4156589799999995,0.1353874740465731,1-2R
