symbol,feature,window,bucket,trades,false_rate_pct,runner_rate_pct,median_mfe_r,avg_realized_r,net_pnl
LINKUSDT,adx14,2021,LOW,4,0.0,50.0,1.544541354781132,0.08873965632200731,5.989915599999998
LINKUSDT,adx14,2021,MID,4,50.0,0.0,0.4423645914500587,-0.8047759301919104,-96.93882674999999
LINKUSDT,adx14,2021,HIGH,5,20.0,20.0,0.6152506081863213,-0.6068093913473451,-91.19908292
LINKUSDT,adx14,2022,LOW,7,0.0,28.57142857142857,1.420025551707521,0.26591973738731883,42.22441013
LINKUSDT,adx14,2022,MID,8,37.5,25.0,0.6435964056561281,-0.5057453997530679,-115.02818773
LINKUSDT,adx14,2022,HIGH,8,25.0,12.5,0.7110837170161206,-0.7764737976046403,-144.7082588
LINKUSDT,adx14,2023,LOW,8,37.5,12.5,0.5286584950863437,-0.5852625531082174,-127.85358879
LINKUSDT,adx14,2023,MID,8,25.0,0.0,0.8165575112035959,-0.4919366674349955,-119.57945497
LINKUSDT,adx14,2023,HIGH,8,50.0,0.0,0.4696709744004578,-0.9637491320421124,-215.14108824
LINKUSDT,adx14,2024,LOW,13,23.076923076923077,46.15384615384615,1.1349521026069926,0.9297718919439983,305.92649224
LINKUSDT,adx14,2024,MID,13,38.46153846153847,30.76923076923077,0.9581265589140064,-0.20015704985009874,-65.31408101
LINKUSDT,adx14,2024,HIGH,14,50.0,7.142857142857142,0.4127948082563607,-0.7493387847195448,-269.31251019
LINKUSDT,adx14,2025h1,LOW,5,40.0,20.0,1.2776038039740238,-0.21274467670442587,-34.23979491
LINKUSDT,adx14,2025h1,MID,5,40.0,0.0,0.961507699033686,-0.8591915035939248,-116.72047740000001
LINKUSDT,adx14,2025h1,HIGH,6,33.33333333333333,16.666666666666664,0.7818332911937632,-0.6796928913658092,-104.89102541000001
LINKUSDT,ema50_slope_12h,2021,LOW,4,25.0,50.0,2.2055867809535594,0.010957759788115418,-3.1103963599999975
LINKUSDT,ema50_slope_12h,2021,MID,4,0.0,25.0,0.6486650787010666,-0.620523814320044,-75.79473362000002
LINKUSDT,ema50_slope_12h,2021,HIGH,5,40.0,0.0,0.5647892903393006,-0.6919855668177248,-103.24286408999998
LINKUSDT,ema50_slope_12h,2022,LOW,7,0.0,28.57142857142857,1.420025551707521,0.11952084848549609,19.671389050000005
LINKUSDT,ema50_slope_12h,2022,MID,8,37.5,25.0,1.1430693565911634,-0.25405089255067714,-54.06128325
LINKUSDT,ema50_slope_12h,2022,HIGH,8,25.0,12.5,0.6773160750550435,-0.9000692770179362,-183.1221422
LINKUSDT,ema50_slope_12h,2023,LOW,8,0.0,12.5,1.2896444881242206,-0.08113169613623436,-16.21766707
LINKUSDT,ema50_slope_12h,2023,MID,8,37.5,0.0,0.5427177388722122,-0.9129325843555405,-201.08116768
LINKUSDT,ema50_slope_12h,2023,HIGH,8,75.0,0.0,0.16057839013043396,-1.0468840720935506,-245.27529725
LINKUSDT,ema50_slope_12h,2024,LOW,13,30.76923076923077,38.46153846153847,1.0389694983899276,0.3505953458266972,78.14052192
LINKUSDT,ema50_slope_12h,2024,MID,13,38.46153846153847,30.76923076923077,0.8205040430534911,0.20790373286623667,98.62779098
LINKUSDT,ema50_slope_12h,2024,HIGH,14,42.857142857142854,14.285714285714285,0.5397802744147266,-0.5904455758472192,-205.46841186
LINKUSDT,ema50_slope_12h,2025h1,LOW,5,0.0,20.0,1.2776038039740238,0.009433040994125275,-4.298799699999998
LINKUSDT,ema50_slope_12h,2025h1,MID,5,40.0,20.0,0.9929728031407524,-0.516503170931817,-66.98933247000001
LINKUSDT,ema50_slope_12h,2025h1,HIGH,6,66.66666666666666,0.0,0.1647276782088009,-1.150414599999692,-184.56316555
LINKUSDT,momentum_72h,2021,LOW,4,0.0,50.0,2.222668969592416,-0.05165226314317409,-11.099996979999998
LINKUSDT,momentum_72h,2021,MID,4,25.0,25.0,0.6063522311386993,-0.5992441078170754,-72.02584753
LINKUSDT,momentum_72h,2021,HIGH,5,40.0,0.0,0.5041699810534472,-0.6589213136750681,-99.02214955999999
LINKUSDT,momentum_72h,2022,LOW,7,28.57142857142857,14.285714285714285,1.0589789053876368,-0.4401267473944647,-84.85107347
LINKUSDT,momentum_72h,2022,MID,8,37.5,25.0,0.9151174809011975,-0.23747410176934092,-40.53139256000001
LINKUSDT,momentum_72h,2022,HIGH,8,0.0,25.0,0.991353992911847,-0.4269544214043066,-92.12957037000001
LINKUSDT,momentum_72h,2023,LOW,8,37.5,12.5,0.5286584950863437,-0.6562840607477394,-146.65587427999998
LINKUSDT,momentum_72h,2023,MID,8,50.0,0.0,0.4993696978727748,-0.7804457165595419,-175.08617055
LINKUSDT,momentum_72h,2023,HIGH,8,25.0,0.0,0.6326539918356655,-0.6042185752780438,-140.83208717000002
LINKUSDT,momentum_72h,2024,LOW,13,46.15384615384615,38.46153846153847,0.5209251421422528,0.551741877008562,170.58248312
LINKUSDT,momentum_72h,2024,MID,13,30.76923076923077,38.46153846153847,0.8205040430534911,0.021492123915152546,5.173395410000026
LINKUSDT,momentum_72h,2024,HIGH,14,35.714285714285715,7.142857142857142,0.6834135518586367,-0.6041280036329443,-204.45597749000004
LINKUSDT,momentum_72h,2025h1,LOW,5,40.0,40.0,1.535135731685742,-0.10013789598557384,-21.51181174
LINKUSDT,momentum_72h,2025h1,MID,5,40.0,0.0,0.961507699033686,-0.8490651086242593,-115.44617918
LINKUSDT,momentum_72h,2025h1,HIGH,6,33.33333333333333,0.0,0.7818332911937632,-0.781970537772907,-118.8933068
LINKUSDT,ema50_distance_atr,2021,LOW,4,25.0,25.0,0.6486650787010666,-0.7267612216973758,-93.13909641
LINKUSDT,ema50_distance_atr,2021,MID,4,0.0,25.0,0.7196388363710112,-0.10913769732292447,-13.04850596
LINKUSDT,ema50_distance_atr,2021,HIGH,5,40.0,20.0,0.5647892903393006,-0.5109192752270275,-75.96039169999999
LINKUSDT,ema50_distance_atr,2022,LOW,7,14.285714285714285,14.285714285714285,1.4022057741748477,-0.29310411508877543,-53.320457000000005
LINKUSDT,ema50_distance_atr,2022,MID,8,37.5,37.5,0.8919800811001817,-0.19443257689701965,-51.503090730000004
LINKUSDT,ema50_distance_atr,2022,HIGH,8,12.5,12.5,0.7971697591829582,-0.5986407495441062,-112.68848867
LINKUSDT,ema50_distance_atr,2023,LOW,8,25.0,12.5,1.2896444881242206,-0.31032844209147814,-73.89697807
LINKUSDT,ema50_distance_atr,2023,MID,8,50.0,0.0,0.36259589822770727,-0.9642916914435021,-221.46855344
LINKUSDT,ema50_distance_atr,2023,HIGH,8,37.5,0.0,0.5427177388722122,-0.7663282190503449,-167.20860049
LINKUSDT,ema50_distance_atr,2024,LOW,13,46.15384615384615,30.76923076923077,0.5209251421422528,0.5270057527245497,152.78334558
LINKUSDT,ema50_distance_atr,2024,MID,13,46.15384615384615,15.384615384615385,0.5546022360742658,-0.7571637886916935,-249.86723686
LINKUSDT,ema50_distance_atr,2024,HIGH,14,21.428571428571427,35.714285714285715,1.2177243049686914,0.14187888776570995,68.38379232
LINKUSDT,ema50_distance_atr,2025h1,LOW,5,0.0,40.0,1.2776038039740238,-0.13308145838688,-14.57429784
LINKUSDT,ema50_distance_atr,2025h1,MID,5,60.0,0.0,0.2302934596657418,-0.629034780143049,-95.51583138
LINKUSDT,ema50_distance_atr,2025h1,HIGH,6,50.0,0.0,0.5305041465101098,-0.9378761761728273,-145.7611685
LINKUSDT,volume_ratio,2021,LOW,4,25.0,0.0,0.6486650787010666,-0.9021868004983581,-109.55637238
LINKUSDT,volume_ratio,2021,MID,4,25.0,50.0,1.4009450949058935,-0.15524263947349784,-23.568305170000002
LINKUSDT,volume_ratio,2021,HIGH,5,20.0,20.0,0.647915171938098,-0.333694858465783,-49.02331652
LINKUSDT,volume_ratio,2022,LOW,7,57.14285714285714,0.0,0.4036072646668848,-0.8723063820225976,-152.20237008
LINKUSDT,volume_ratio,2022,MID,8,0.0,25.0,1.119824875297334,-0.40125140166272444,-79.42041065000001
LINKUSDT,volume_ratio,2022,HIGH,8,12.5,37.5,1.2749035193269282,0.11498005878869288,14.110744330000003
LINKUSDT,volume_ratio,2023,LOW,8,62.5,0.0,0.37233286766757545,-0.9109535677640235,-210.26217437999998
LINKUSDT,volume_ratio,2023,MID,8,25.0,12.5,0.6326539918356655,-0.36269540267149036,-81.23604928
LINKUSDT,volume_ratio,2023,HIGH,8,25.0,0.0,0.5691451097311815,-0.7672993821498113,-171.07590834
LINKUSDT,volume_ratio,2024,LOW,13,53.84615384615385,7.6923076923076925,0.4739311115913677,-0.42446540918213754,-130.17650644
LINKUSDT,volume_ratio,2024,MID,13,23.076923076923077,46.15384615384615,1.4364452454577958,0.5722579326198833,169.86227180000003
LINKUSDT,volume_ratio,2024,HIGH,14,35.714285714285715,28.57142857142857,0.7385440466268199,-0.20907520311025896,-68.38586432
LINKUSDT,volume_ratio,2025h1,LOW,5,40.0,0.0,0.6901444052052068,-1.0819327575789628,-139.48177347
LINKUSDT,volume_ratio,2025h1,MID,5,40.0,40.0,1.158168519181448,-0.1497815574710446,-27.132032619999997
LINKUSDT,volume_ratio,2025h1,HIGH,6,33.33333333333333,0.0,1.0249518599015512,-0.5465444457394285,-89.23749163
LINKUSDT,rsi14,2021,LOW,4,50.0,25.0,0.5859608513252973,-0.4478414621426706,-59.07794144
LINKUSDT,rsi14,2021,MID,4,0.0,25.0,0.6315828900622096,-0.3779002579273536,-46.00458548
LINKUSDT,rsi14,2021,HIGH,5,20.0,20.0,0.682079549215812,-0.5190450343872482,-77.06546714999999
LINKUSDT,rsi14,2022,LOW,7,0.0,28.57142857142857,1.4022057741748477,-0.16512440830465813,-33.73917937000001
LINKUSDT,rsi14,2022,MID,8,50.0,25.0,0.4724382697632926,-0.40108585995859763,-87.73083227
LINKUSDT,rsi14,2022,HIGH,8,12.5,12.5,0.9780661232670194,-0.5039697099186309,-96.04202476
LINKUSDT,rsi14,2023,LOW,8,37.5,0.0,0.8134579567863098,-0.5533842775855683,-130.80882181
LINKUSDT,rsi14,2023,MID,8,50.0,12.5,0.45377143898386013,-0.7627064252556754,-178.50858356999998
LINKUSDT,rsi14,2023,HIGH,8,25.0,0.0,0.5675791757293555,-0.7248576497440815,-153.25672662
LINKUSDT,rsi14,2024,LOW,13,38.46153846153847,30.76923076923077,0.6390039016738166,0.3699423416734872,103.10318769999999
LINKUSDT,rsi14,2024,MID,13,46.15384615384615,15.384615384615385,0.5209251421422528,-0.48836982605010265,-160.43383992
LINKUSDT,rsi14,2024,HIGH,14,28.57142857142857,35.714285714285715,1.195705440538235,0.03812908986021933,28.630553260000013
LINKUSDT,rsi14,2025h1,LOW,5,20.0,20.0,0.9929728031407524,-0.5001598913485105,-68.66109202
LINKUSDT,rsi14,2025h1,MID,5,40.0,20.0,0.6901444052052068,-0.561150002745587,-80.07204497999999
LINKUSDT,rsi14,2025h1,HIGH,6,50.0,0.0,0.6221930324986662,-0.6885481298693538,-107.11816072
LINKUSDT,candle_range_atr,2021,LOW,4,0.0,25.0,0.7367210250098682,-0.4634822263975148,-61.210626909999995
LINKUSDT,candle_range_atr,2021,MID,4,50.0,25.0,0.4423645914500587,-0.6048830500651996,-73.66204815
LINKUSDT,candle_range_atr,2021,HIGH,5,20.0,20.0,0.647915171938098,-0.32494618927309604,-47.27531901
LINKUSDT,candle_range_atr,2022,LOW,7,14.285714285714285,0.0,0.6541786752540278,-0.9062681647495724,-148.89341517
LINKUSDT,candle_range_atr,2022,MID,8,50.0,25.0,0.9084531278369248,-0.3820042007386114,-85.07981441
LINKUSDT,candle_range_atr,2022,HIGH,8,0.0,37.5,1.2749035193269282,0.12544941775068316,16.461193180000002
LINKUSDT,candle_range_atr,2023,LOW,8,62.5,0.0,0.2858228153305347,-0.7746480700174057,-178.88065932
LINKUSDT,candle_range_atr,2023,MID,8,37.5,0.0,0.6185947480497969,-0.645665893636914,-147.4488258
LINKUSDT,candle_range_atr,2023,HIGH,8,12.5,12.5,0.578538865097938,-0.6206343889310055,-136.24464688
LINKUSDT,candle_range_atr,2024,LOW,13,38.46153846153847,30.76923076923077,0.8205040430534911,0.6064582874392895,193.50404008
LINKUSDT,candle_range_atr,2024,MID,13,38.46153846153847,23.076923076923077,0.5249583127551873,-0.4790654002410273,-168.84821099
LINKUSDT,candle_range_atr,2024,HIGH,14,35.714285714285715,28.57142857142857,0.9313876523252247,-0.19013268374502415,-53.355928049999996
LINKUSDT,candle_range_atr,2025h1,LOW,5,20.0,20.0,0.8735221771823196,-0.6104951577585271,-82.48630812
LINKUSDT,candle_range_atr,2025h1,MID,5,60.0,0.0,0.09916189675186,-1.05290314485717,-138.30501719
LINKUSDT,candle_range_atr,2025h1,HIGH,6,33.33333333333333,16.666666666666664,1.167267360318187,-0.18680778943468737,-35.05997241
SOLUSDT,adx14,2022,LOW,2,50.0,50.0,4.048648545061341,1.2841796209432417,55.813593280000006
SOLUSDT,adx14,2022,MID,3,66.66666666666666,0.0,0.4345569221586881,-1.6782861326216851,-119.55176133
SOLUSDT,adx14,2022,HIGH,3,33.33333333333333,33.33333333333333,1.1992378861258712,-0.13316034376328176,-9.685120400000002
SOLUSDT,adx14,2024,LOW,11,36.36363636363637,18.181818181818183,0.6037753406681253,-0.5546411475028813,-140.39779965999998
SOLUSDT,adx14,2024,MID,11,45.45454545454545,18.181818181818183,0.6677738488960842,-0.3764039458715974,-138.06205973
SOLUSDT,adx14,2024,HIGH,12,33.33333333333333,41.66666666666667,1.2833704180605023,0.6011625726986104,169.33400634999998
SOLUSDT,adx14,2025h1,LOW,7,14.285714285714285,28.57142857142857,1.1699920091559268,0.34158700072569587,74.54220335000001
SOLUSDT,adx14,2025h1,MID,7,14.285714285714285,42.857142857142854,1.6973702948349687,0.24911692843423533,32.81253794999999
SOLUSDT,adx14,2025h1,HIGH,8,62.5,0.0,0.17742926650834095,-0.8867412676611532,-184.03683084
SOLUSDT,ema50_slope_12h,2022,LOW,2,50.0,50.0,3.899160950156074,1.2961040124106296,47.06136826
SOLUSDT,ema50_slope_12h,2022,MID,3,66.66666666666666,33.33333333333333,0.4380288903231081,-0.5303185092358458,-34.488180639999996
SOLUSDT,ema50_slope_12h,2022,HIGH,3,33.33333333333333,0.0,1.1992378861258712,-1.289077561460713,-85.99647607
SOLUSDT,ema50_slope_12h,2024,LOW,11,27.27272727272727,36.36363636363637,1.1958193231320793,0.15931223960665586,33.29402141
SOLUSDT,ema50_slope_12h,2024,MID,11,45.45454545454545,9.090909090909092,0.6677738488960842,-0.4483154238906301,-150.11566252
SOLUSDT,ema50_slope_12h,2024,HIGH,12,41.66666666666667,33.33333333333333,1.236834758933623,0.012624156032314546,7.695788069999992
SOLUSDT,ema50_slope_12h,2025h1,LOW,7,28.57142857142857,28.57142857142857,0.6863094059905087,-0.5426493332485008,-92.11195471
SOLUSDT,ema50_slope_12h,2025h1,MID,7,14.285714285714285,28.57142857142857,1.3654458557871547,0.8304613420295316,145.47749639999998
SOLUSDT,ema50_slope_12h,2025h1,HIGH,8,50.0,12.5,0.5106125336009939,-0.6217108373296152,-130.04763123
SOLUSDT,momentum_72h,2022,LOW,2,100.0,0.0,0.4362929062408981,-1.2234047022943486,-53.49821007
SOLUSDT,momentum_72h,2022,MID,3,33.33333333333333,33.33333333333333,1.640360835227858,-0.018154096661504138,-2.338489580000001
SOLUSDT,momentum_72h,2022,HIGH,3,33.33333333333333,33.33333333333333,1.1992378861258712,-0.1215694975650693,-17.586588799999998
SOLUSDT,momentum_72h,2024,LOW,11,36.36363636363637,18.181818181818183,0.6037753406681253,-0.2046069200375218,-73.54060268999999
SOLUSDT,momentum_72h,2024,MID,11,36.36363636363637,36.36363636363637,1.3857026656857478,0.24459988750904163,67.29207965999998
SOLUSDT,momentum_72h,2024,HIGH,12,41.66666666666667,25.0,1.1324790673212504,-0.2889556497435551,-102.87733001
SOLUSDT,momentum_72h,2025h1,LOW,7,28.57142857142857,57.14285714285714,2.096920972233543,0.858512939443787,139.44527859
SOLUSDT,momentum_72h,2025h1,MID,7,28.57142857142857,14.285714285714285,0.6863094059905087,-0.5868799575602317,-87.89809086
SOLUSDT,momentum_72h,2025h1,HIGH,8,37.5,0.0,0.9951328989924562,-0.6075541887943244,-128.22927726999998
SOLUSDT,ema50_distance_atr,2022,LOW,2,50.0,50.0,3.899160950156074,1.2961040124106296,47.06136826
SOLUSDT,ema50_distance_atr,2022,MID,3,33.33333333333333,33.33333333333333,1.640360835227858,-0.9763435859643659,-64.00788113
SOLUSDT,ema50_distance_atr,2022,HIGH,3,66.66666666666666,0.0,0.4345569221586881,-0.8430524847321929,-56.47677558
SOLUSDT,ema50_distance_atr,2024,LOW,11,27.27272727272727,27.27272727272727,1.3023228723148434,-0.06095377394424919,-28.68088691
SOLUSDT,ema50_distance_atr,2024,MID,11,45.45454545454545,18.181818181818183,0.6677738488960842,-0.48135647568130274,-145.00872202
SOLUSDT,ema50_distance_atr,2024,HIGH,12,41.66666666666667,33.33333333333333,1.0091709214545366,0.24482229926209417,64.56375588999997
SOLUSDT,ema50_distance_atr,2025h1,LOW,7,14.285714285714285,57.14285714285714,2.096920972233543,1.1677936153046358,208.11830379
SOLUSDT,ema50_distance_atr,2025h1,MID,7,42.857142857142854,0.0,0.5415841120998349,-1.04219583567644,-176.86218254
SOLUSDT,ema50_distance_atr,2025h1,HIGH,8,37.5,12.5,0.9951328989924562,-0.479773386820885,-107.93821079
SOLUSDT,volume_ratio,2022,LOW,2,50.0,0.0,1.037458878693273,-1.9428601611183538,-85.08295199
SOLUSDT,volume_ratio,2022,MID,3,33.33333333333333,66.66666666666666,3.225073222594383,1.1414043729225478,74.82362271
SOLUSDT,volume_ratio,2022,HIGH,3,66.66666666666666,0.0,0.1710605899583884,-0.8014909945997842,-63.16395917
SOLUSDT,volume_ratio,2024,LOW,11,45.45454545454545,27.27272727272727,0.6677738488960842,-0.11161698645687598,-76.98693728
SOLUSDT,volume_ratio,2024,MID,11,27.27272727272727,18.181818181818183,0.9626352623276572,-0.1407771258210345,-16.690133050000007
SOLUSDT,volume_ratio,2024,HIGH,12,41.66666666666667,33.33333333333333,1.4274160764041102,-0.020934159973243955,-15.44878271000001
SOLUSDT,volume_ratio,2025h1,LOW,7,14.285714285714285,42.857142857142854,1.976772363330384,0.5351013490854507,106.86486994
SOLUSDT,volume_ratio,2025h1,MID,7,42.857142857142854,28.57142857142857,0.8252171924933077,0.06531557007180143,-7.12854381999999
SOLUSDT,volume_ratio,2025h1,HIGH,8,37.5,0.0,0.5615079515241925,-0.8952401339088092,-176.41841566
SOLUSDT,rsi14,2022,LOW,2,50.0,50.0,3.899160950156074,1.2961040124106296,47.06136826
SOLUSDT,rsi14,2022,MID,3,0.0,33.33333333333333,1.640360835227858,-0.609156064425998,-40.4191057
SOLUSDT,rsi14,2022,HIGH,3,100.0,0.0,0.4345569221586881,-1.210240006270561,-80.06555101000001
SOLUSDT,rsi14,2024,LOW,11,27.27272727272727,18.181818181818183,0.6677738488960842,-0.3777742204322625,-112.39066262
SOLUSDT,rsi14,2024,MID,11,45.45454545454545,27.27272727272727,0.9626352623276572,-0.08890509076692338,-42.70046313000001
SOLUSDT,rsi14,2024,HIGH,12,41.66666666666667,33.33333333333333,1.1257629518567476,0.1754939390379252,45.96527270999999
SOLUSDT,rsi14,2025h1,LOW,7,28.57142857142857,28.57142857142857,1.3654458557871547,0.834878018438599,145.57469115
SOLUSDT,rsi14,2025h1,MID,7,28.57142857142857,28.57142857142857,0.6863094059905087,-0.5569462825760796,-92.32647429
SOLUSDT,rsi14,2025h1,HIGH,8,37.5,12.5,0.6834006522965713,-0.6130655985259181,-129.9303064
SOLUSDT,candle_range_atr,2022,LOW,2,100.0,0.0,0.30280875605853824,-1.2288665801242793,-54.34896669
SOLUSDT,candle_range_atr,2022,MID,3,33.33333333333333,33.33333333333333,1.1992378861258712,0.8323116493128211,53.68578439
SOLUSDT,candle_range_atr,2022,HIGH,3,33.33333333333333,33.33333333333333,1.640360835227858,-0.968393991652774,-72.76010615
SOLUSDT,candle_range_atr,2024,LOW,11,27.27272727272727,36.36363636363637,1.5110342555395888,0.38435809986743547,83.56530106999999
SOLUSDT,candle_range_atr,2024,MID,11,45.45454545454545,18.181818181818183,0.5226286713048326,-0.4639191396289062,-137.48931441000002
SOLUSDT,candle_range_atr,2024,HIGH,12,41.66666666666667,25.0,0.9947390031769365,-0.179364476446647,-55.2018397
SOLUSDT,candle_range_atr,2025h1,LOW,7,14.285714285714285,42.857142857142854,1.976772363330384,0.5325601974854383,108.91032449000001
SOLUSDT,candle_range_atr,2025h1,MID,7,28.57142857142857,14.285714285714285,0.6863094059905087,-0.7528815963610189,-138.32655561
SOLUSDT,candle_range_atr,2025h1,HIGH,8,50.0,12.5,0.4269908406488439,-0.17709410563008027,-47.26585842
