window,cohort,feature,regime,signals,false_pct,runner_pct,median_mfe_r,median_mae_r,stopped_pct
2021,CURRENT_12H,ADX,LOW,12,16.666666666666664,50.0,1.7747189341117782,0.743115482532094,83.33333333333334
2021,CURRENT_12H,ADX,MID,13,38.46153846153847,15.384615384615385,0.7531451153547724,0.7306831451783365,84.61538461538461
2021,CURRENT_12H,ADX,HIGH,14,35.714285714285715,42.857142857142854,0.8935761451427167,0.6782757171933342,85.71428571428571
2021,CURRENT_12H,EMA50_SLOPE,LOW,12,16.666666666666664,50.0,1.9333241117404198,0.7344372540105402,75.0
2021,CURRENT_12H,EMA50_SLOPE,MID,12,33.33333333333333,33.33333333333333,0.7259439399883043,0.7909715691553517,91.66666666666666
2021,CURRENT_12H,EMA50_SLOPE,HIGH,15,40.0,26.666666666666668,0.5887171055073321,0.7117387085425214,86.66666666666667
2021,CURRENT_12H,HOTNESS,LOW,10,20.0,40.0,1.6616557654548092,0.7946022432796036,80.0
2021,CURRENT_12H,HOTNESS,MID,15,26.666666666666668,40.0,1.2174523242702842,0.6572301147758062,80.0
2021,CURRENT_12H,HOTNESS,HIGH,14,42.857142857142854,28.57142857142857,0.6530871871929523,0.7216706352313373,92.85714285714286
2021,CURRENT_FRESH,ADX,LOW,5,20.0,20.0,1.1993521391040838,0.8273811338780591,80.0
2021,CURRENT_FRESH,ADX,MID,3,0.0,0.0,1.2444137710017815,0.9787361822565036,66.66666666666666
2021,CURRENT_FRESH,ADX,HIGH,1,0.0,100.0,3.815119533711953,0.5184225017456541,0.0
2021,CURRENT_FRESH,EMA50_SLOPE,LOW,7,14.285714285714285,28.57142857142857,1.5030505878261675,0.8147122300375405,57.14285714285714
2021,CURRENT_FRESH,EMA50_SLOPE,MID,2,0.0,0.0,0.9549044444135566,0.9154336693170704,100.0
2021,CURRENT_FRESH,EMA50_SLOPE,HIGH,0,,,,,
2021,CURRENT_FRESH,HOTNESS,LOW,6,16.666666666666664,16.666666666666664,1.3512013634651256,0.8210466819577997,66.66666666666666
2021,CURRENT_FRESH,HOTNESS,MID,3,0.0,33.33333333333333,1.2444137710017815,0.9787361822565036,66.66666666666666
2021,CURRENT_FRESH,HOTNESS,HIGH,0,,,,,
2021,CURRENT_STALE,ADX,LOW,7,14.285714285714285,71.42857142857143,2.8284104640816725,0.6943822514994136,85.71428571428571
2021,CURRENT_STALE,ADX,MID,10,50.0,20.0,0.5659115021343599,0.7216706352313373,90.0
2021,CURRENT_STALE,ADX,HIGH,13,38.46153846153847,38.46153846153847,0.6987427646218362,0.6964832113915969,92.3076923076923
2021,CURRENT_STALE,EMA50_SLOPE,LOW,5,20.0,80.0,4.099448617259718,0.6943822514994136,100.0
2021,CURRENT_STALE,EMA50_SLOPE,MID,10,40.0,40.0,0.7259439399883043,0.7066573892115335,90.0
2021,CURRENT_STALE,EMA50_SLOPE,HIGH,15,40.0,26.666666666666668,0.5887171055073321,0.7117387085425214,86.66666666666667
2021,CURRENT_STALE,HOTNESS,LOW,4,25.0,75.0,3.463929540670695,0.7344372540105402,100.0
2021,CURRENT_STALE,HOTNESS,MID,12,33.33333333333333,41.66666666666667,0.7259439399883043,0.6235407594030795,83.33333333333334
2021,CURRENT_STALE,HOTNESS,HIGH,14,42.857142857142854,28.57142857142857,0.6530871871929523,0.7216706352313373,92.85714285714286
2021,FRESH_POLICY_12H,ADX,LOW,6,16.666666666666664,16.666666666666664,0.9458543518304563,0.8210466819577997,83.33333333333334
2021,FRESH_POLICY_12H,ADX,MID,3,0.0,0.0,1.287791541894007,0.7358808810822908,66.66666666666666
2021,FRESH_POLICY_12H,ADX,HIGH,3,66.66666666666666,33.33333333333333,0.3864104644204486,0.8758637193530171,66.66666666666666
2021,FRESH_POLICY_12H,EMA50_SLOPE,LOW,7,14.285714285714285,28.57142857142857,1.5030505878261675,0.6094530740530189,57.14285714285714
2021,FRESH_POLICY_12H,EMA50_SLOPE,MID,4,25.0,0.0,0.9549044444135566,0.8662191264006551,100.0
2021,FRESH_POLICY_12H,EMA50_SLOPE,HIGH,1,100.0,0.0,0.3864104644204486,0.8758637193530171,100.0
2021,FRESH_POLICY_12H,HOTNESS,LOW,7,14.285714285714285,14.285714285714285,1.1993521391040838,0.8147122300375405,71.42857142857143
2021,FRESH_POLICY_12H,HOTNESS,MID,4,25.0,25.0,1.2526219330821455,0.808093988752982,75.0
2021,FRESH_POLICY_12H,HOTNESS,HIGH,1,100.0,0.0,0.3864104644204486,0.8758637193530171,100.0
2022,CURRENT_12H,ADX,LOW,14,14.285714285714285,35.714285714285715,1.5668886340264692,0.6608841081250801,71.42857142857143
2022,CURRENT_12H,ADX,MID,8,37.5,25.0,0.7187643553578056,0.6650419848987643,87.5
2022,CURRENT_12H,ADX,HIGH,13,30.76923076923077,38.46153846153847,1.0755894497535816,0.8352201450704805,76.92307692307693
2022,CURRENT_12H,EMA50_SLOPE,LOW,14,14.285714285714285,35.714285714285715,1.5668886340264692,0.5084874433842934,71.42857142857143
2022,CURRENT_12H,EMA50_SLOPE,MID,9,44.44444444444444,22.22222222222222,0.5708869404423138,0.8198773752260944,88.88888888888889
2022,CURRENT_12H,EMA50_SLOPE,HIGH,12,25.0,41.66666666666667,0.8408138073509863,0.7646974997513161,75.0
2022,CURRENT_12H,HOTNESS,LOW,13,7.6923076923076925,38.46153846153847,1.6115523656960962,0.6081595406972713,69.23076923076923
2022,CURRENT_12H,HOTNESS,MID,7,57.14285714285714,28.57142857142857,0.374651813088606,0.8189142837042598,85.71428571428571
2022,CURRENT_12H,HOTNESS,HIGH,15,26.666666666666668,33.33333333333333,0.8935306270924699,0.8230942486851842,80.0
2022,CURRENT_FRESH,ADX,LOW,4,0.0,50.0,2.1925578748931343,0.6041194664436493,50.0
2022,CURRENT_FRESH,ADX,MID,2,50.0,0.0,0.7587192121580806,0.6451289767047443,100.0
2022,CURRENT_FRESH,ADX,HIGH,0,,,,,
2022,CURRENT_FRESH,EMA50_SLOPE,LOW,6,16.666666666666664,33.33333333333333,1.4873954079887075,0.6270750089430044,66.66666666666666
2022,CURRENT_FRESH,EMA50_SLOPE,MID,0,,,,,
2022,CURRENT_FRESH,EMA50_SLOPE,HIGH,0,,,,,
2022,CURRENT_FRESH,HOTNESS,LOW,4,0.0,50.0,2.1925578748931343,0.6041194664436493,50.0
2022,CURRENT_FRESH,HOTNESS,MID,2,50.0,0.0,0.7587192121580806,0.6451289767047443,100.0
2022,CURRENT_FRESH,HOTNESS,HIGH,0,,,,,
2022,CURRENT_STALE,ADX,LOW,10,20.0,30.0,1.2569963843623464,0.6608841081250801,80.0
2022,CURRENT_STALE,ADX,MID,6,33.33333333333333,33.33333333333333,0.7187643553578056,0.6650419848987643,83.33333333333334
2022,CURRENT_STALE,ADX,HIGH,13,30.76923076923077,38.46153846153847,1.0755894497535816,0.8352201450704805,76.92307692307693
2022,CURRENT_STALE,EMA50_SLOPE,LOW,8,12.5,37.5,1.5668886340264692,0.5084874433842934,75.0
2022,CURRENT_STALE,EMA50_SLOPE,MID,9,44.44444444444444,22.22222222222222,0.5708869404423138,0.8198773752260944,88.88888888888889
2022,CURRENT_STALE,EMA50_SLOPE,HIGH,12,25.0,41.66666666666667,0.8408138073509863,0.7646974997513161,75.0
2022,CURRENT_STALE,HOTNESS,LOW,9,11.11111111111111,33.33333333333333,1.5222249023568424,0.6081595406972713,77.77777777777779
2022,CURRENT_STALE,HOTNESS,MID,5,60.0,40.0,0.3117050561640508,0.8189142837042598,80.0
2022,CURRENT_STALE,HOTNESS,HIGH,15,26.666666666666668,33.33333333333333,0.8935306270924699,0.8230942486851842,80.0
2022,FRESH_POLICY_12H,ADX,LOW,5,0.0,60.0,2.69292648247172,0.328740728089903,40.0
2022,FRESH_POLICY_12H,ADX,MID,5,40.0,0.0,0.5585171695149216,0.5362000233338363,100.0
2022,FRESH_POLICY_12H,ADX,HIGH,0,,,,,
2022,FRESH_POLICY_12H,EMA50_SLOPE,LOW,6,16.666666666666664,33.33333333333333,1.4873954079887075,0.6270750089430044,66.66666666666666
2022,FRESH_POLICY_12H,EMA50_SLOPE,MID,2,50.0,50.0,1.8674578917918867,0.31965679477173065,50.0
2022,FRESH_POLICY_12H,EMA50_SLOPE,HIGH,2,0.0,0.0,0.8841453879398454,0.7049769387414788,100.0
2022,FRESH_POLICY_12H,HOTNESS,LOW,4,0.0,50.0,2.1925578748931343,0.6041194664436493,50.0
2022,FRESH_POLICY_12H,HOTNESS,MID,4,50.0,25.0,0.7587192121580806,0.39186454116199504,75.0
2022,FRESH_POLICY_12H,HOTNESS,HIGH,2,0.0,0.0,0.8841453879398454,0.7049769387414788,100.0
2023,CURRENT_12H,ADX,LOW,30,43.333333333333336,16.666666666666664,0.5334483889994968,0.6899730288380415,80.0
2023,CURRENT_12H,ADX,MID,23,34.78260869565217,30.434782608695656,0.9831546788985348,0.7715166206441936,73.91304347826086
2023,CURRENT_12H,ADX,HIGH,27,40.74074074074074,25.925925925925924,0.7124826671804823,0.7902909898648355,85.18518518518519
2023,CURRENT_12H,EMA50_SLOPE,LOW,30,30.0,30.0,0.9758970642297569,0.7069058760789477,73.33333333333333
2023,CURRENT_12H,EMA50_SLOPE,MID,20,45.0,25.0,0.6064708267611478,0.635328150521338,80.0
2023,CURRENT_12H,EMA50_SLOPE,HIGH,30,46.666666666666664,16.666666666666664,0.6117534447251414,0.7987616689344728,86.66666666666667
2023,CURRENT_12H,HOTNESS,LOW,28,32.142857142857146,32.142857142857146,0.9155845959406443,0.675518973934012,71.42857142857143
2023,CURRENT_12H,HOTNESS,MID,26,34.61538461538461,23.076923076923077,0.8143616572784638,0.7666196003308938,76.92307692307693
2023,CURRENT_12H,HOTNESS,HIGH,26,53.84615384615385,15.384615384615385,0.3726473681953617,0.7987616689344728,92.3076923076923
2023,CURRENT_FRESH,ADX,LOW,17,41.17647058823529,11.76470588235294,0.5287203563221208,0.8110131840654192,76.47058823529412
2023,CURRENT_FRESH,ADX,MID,4,0.0,50.0,2.8255610337691985,0.7153378870280864,50.0
2023,CURRENT_FRESH,ADX,HIGH,2,50.0,50.0,1.8410096332978336,0.6850025041536781,50.0
2023,CURRENT_FRESH,EMA50_SLOPE,LOW,17,35.294117647058826,11.76470588235294,0.5829160109015612,0.8815020336898188,76.47058823529412
2023,CURRENT_FRESH,EMA50_SLOPE,MID,3,33.33333333333333,66.66666666666666,2.3328222921216804,0.4885029746175374,33.33333333333333
2023,CURRENT_FRESH,EMA50_SLOPE,HIGH,3,33.33333333333333,33.33333333333333,0.5381764216768726,0.9355990099921124,66.66666666666666
2023,CURRENT_FRESH,HOTNESS,LOW,16,31.25,18.75,0.5953156821025032,0.8106501609016719,68.75
2023,CURRENT_FRESH,HOTNESS,MID,7,42.857142857142854,28.57142857142857,0.5381764216768726,0.8815020336898188,71.42857142857143
2023,CURRENT_FRESH,HOTNESS,HIGH,0,,,,,
2023,CURRENT_STALE,ADX,LOW,13,46.15384615384615,23.076923076923077,0.5983674632081015,0.6224463599402823,84.61538461538461
2023,CURRENT_STALE,ADX,MID,19,42.10526315789473,26.31578947368421,0.7501851484284237,0.7715166206441936,78.94736842105263
2023,CURRENT_STALE,ADX,HIGH,25,40.0,24.0,0.7124826671804823,0.7902909898648355,88.0
2023,CURRENT_STALE,EMA50_SLOPE,LOW,13,23.076923076923077,53.84615384615385,2.0357680757618244,0.6201594825760165,69.23076923076923
2023,CURRENT_STALE,EMA50_SLOPE,MID,17,47.05882352941176,17.647058823529413,0.5983674632081015,0.7340092362440189,88.23529411764706
2023,CURRENT_STALE,EMA50_SLOPE,HIGH,27,48.148148148148145,14.814814814814813,0.68533046777341,0.7902909898648355,88.88888888888889
2023,CURRENT_STALE,HOTNESS,LOW,12,33.33333333333333,50.0,1.8313682612969728,0.6213029212581493,75.0
2023,CURRENT_STALE,HOTNESS,MID,19,31.57894736842105,21.052631578947366,0.8785381661285038,0.761722580017594,78.94736842105263
2023,CURRENT_STALE,HOTNESS,HIGH,26,53.84615384615385,15.384615384615385,0.3726473681953617,0.7987616689344728,92.3076923076923
2023,FRESH_POLICY_12H,ADX,LOW,17,35.294117647058826,17.647058823529413,0.5381764216768726,0.8102871377379246,70.58823529411765
2023,FRESH_POLICY_12H,ADX,MID,5,20.0,40.0,1.5318027907105956,0.7640152589072337,60.0
2023,FRESH_POLICY_12H,ADX,HIGH,4,50.0,50.0,1.8439803202159817,0.6460970695120865,50.0
2023,FRESH_POLICY_12H,EMA50_SLOPE,LOW,18,33.33333333333333,16.666666666666664,0.5953156821025032,0.8458945857138718,72.22222222222221
2023,FRESH_POLICY_12H,EMA50_SLOPE,MID,5,40.0,60.0,2.3328222921216804,0.4885029746175374,40.0
2023,FRESH_POLICY_12H,EMA50_SLOPE,HIGH,3,33.33333333333333,33.33333333333333,0.5381764216768726,0.9355990099921124,66.66666666666666
2023,FRESH_POLICY_12H,HOTNESS,LOW,16,25.0,25.0,0.788177401432212,0.7480162306230993,62.5
2023,FRESH_POLICY_12H,HOTNESS,MID,9,44.44444444444444,33.33333333333333,0.5381764216768726,0.7640152589072337,66.66666666666666
2023,FRESH_POLICY_12H,HOTNESS,HIGH,1,100.0,0.0,0.1722195352299836,0.8036911644066355,100.0
2024,CURRENT_12H,ADX,LOW,24,25.0,37.5,1.2251374717526884,0.8622106362927957,79.16666666666666
2024,CURRENT_12H,ADX,MID,18,27.77777777777778,38.88888888888889,1.0443724540685033,0.6784259137004507,72.22222222222221
2024,CURRENT_12H,ADX,HIGH,24,54.166666666666664,16.666666666666664,0.3362389515507299,0.8181476364555984,87.5
2024,CURRENT_12H,EMA50_SLOPE,LOW,22,18.181818181818183,45.45454545454545,1.328894136240769,0.7291699713241333,72.72727272727273
2024,CURRENT_12H,EMA50_SLOPE,MID,22,40.909090909090914,31.818181818181817,0.8003270873020103,0.8139404042559151,68.18181818181817
2024,CURRENT_12H,EMA50_SLOPE,HIGH,22,50.0,13.636363636363635,0.4883080767849308,0.8181476364555984,100.0
2024,CURRENT_12H,HOTNESS,LOW,18,22.22222222222222,44.44444444444444,1.328894136240769,0.8543741151196549,72.22222222222221
2024,CURRENT_12H,HOTNESS,MID,23,26.08695652173913,30.434782608695656,1.0416617706932725,0.706131373967473,78.26086956521739
2024,CURRENT_12H,HOTNESS,HIGH,25,56.00000000000001,20.0,0.328289004048439,0.8038060727218445,88.0
2024,CURRENT_FRESH,ADX,LOW,13,23.076923076923077,46.15384615384615,1.5438474771675128,0.8672999654012008,76.92307692307693
2024,CURRENT_FRESH,ADX,MID,4,0.0,75.0,4.940926914705827,0.5276256625173237,25.0
2024,CURRENT_FRESH,ADX,HIGH,1,0.0,0.0,0.9041788294973798,0.9795270652888124,100.0
2024,CURRENT_FRESH,EMA50_SLOPE,LOW,17,17.647058823529413,52.94117647058824,2.329986098598277,0.7522085686807934,64.70588235294117
2024,CURRENT_FRESH,EMA50_SLOPE,MID,1,0.0,0.0,0.9041788294973798,0.9795270652888124,100.0
2024,CURRENT_FRESH,EMA50_SLOPE,HIGH,0,,,,,
2024,CURRENT_FRESH,HOTNESS,LOW,14,21.428571428571427,50.0,1.936916787882895,0.8594634442280601,71.42857142857143
2024,CURRENT_FRESH,HOTNESS,MID,4,0.0,50.0,1.892970418779849,0.6103270070603564,50.0
2024,CURRENT_FRESH,HOTNESS,HIGH,0,,,,,
2024,CURRENT_STALE,ADX,LOW,11,27.27272727272727,27.27272727272727,1.113940795314025,0.8571213071843905,81.81818181818183
2024,CURRENT_STALE,ADX,MID,14,35.714285714285715,28.57142857142857,0.785630150584444,0.7508259108858,85.71428571428571
2024,CURRENT_STALE,ADX,HIGH,23,56.52173913043478,17.391304347826086,0.328289004048439,0.8038060727218445,86.95652173913044
2024,CURRENT_STALE,EMA50_SLOPE,LOW,5,20.0,20.0,0.5990845055130184,0.706131373967473,100.0
2024,CURRENT_STALE,EMA50_SLOPE,MID,21,42.857142857142854,33.33333333333333,0.6964753451066408,0.8056203395356559,66.66666666666666
2024,CURRENT_STALE,EMA50_SLOPE,HIGH,22,50.0,13.636363636363635,0.4883080767849308,0.8181476364555984,100.0
2024,CURRENT_STALE,HOTNESS,LOW,4,25.0,25.0,0.8565126504135216,0.8065823593574337,75.0
2024,CURRENT_STALE,HOTNESS,MID,19,31.57894736842105,26.31578947368421,1.0416617706932725,0.8056203395356559,84.21052631578947
2024,CURRENT_STALE,HOTNESS,HIGH,25,56.00000000000001,20.0,0.328289004048439,0.8038060727218445,88.0
2024,FRESH_POLICY_12H,ADX,LOW,13,23.076923076923077,46.15384615384615,1.5438474771675128,0.8672999654012008,76.92307692307693
2024,FRESH_POLICY_12H,ADX,MID,5,0.0,80.0,3.025902301504985,0.4853177643473632,20.0
2024,FRESH_POLICY_12H,ADX,HIGH,2,50.0,0.0,0.5297245408357706,0.8468851126449857,100.0
2024,FRESH_POLICY_12H,EMA50_SLOPE,LOW,17,17.647058823529413,52.94117647058824,2.329986098598277,0.7522085686807934,64.70588235294117
2024,FRESH_POLICY_12H,EMA50_SLOPE,MID,1,0.0,0.0,0.9041788294973798,0.9795270652888124,100.0
2024,FRESH_POLICY_12H,EMA50_SLOPE,HIGH,2,50.0,50.0,1.590586276839573,0.5496789991872612,50.0
2024,FRESH_POLICY_12H,HOTNESS,LOW,14,21.428571428571427,50.0,1.936916787882895,0.8594634442280601,71.42857142857143
2024,FRESH_POLICY_12H,HOTNESS,MID,5,0.0,60.0,2.8817620080623185,0.5699335606872843,40.0
2024,FRESH_POLICY_12H,HOTNESS,HIGH,1,100.0,0.0,0.1552702521741614,0.714243160001159,100.0
2025h1,CURRENT_12H,ADX,LOW,12,41.66666666666667,25.0,1.0229018052355432,0.8552574708902454,83.33333333333334
2025h1,CURRENT_12H,ADX,MID,8,37.5,50.0,1.7350029333671573,0.8448660603700302,87.5
2025h1,CURRENT_12H,ADX,HIGH,13,46.15384615384615,7.6923076923076925,0.5311079291954672,0.8630503849426386,84.61538461538461
2025h1,CURRENT_12H,EMA50_SLOPE,LOW,11,27.27272727272727,36.36363636363637,1.2442766573034711,0.6467559699103795,72.72727272727273
2025h1,CURRENT_12H,EMA50_SLOPE,MID,9,33.33333333333333,33.33333333333333,0.9505607322044912,0.8691038045004119,88.88888888888889
2025h1,CURRENT_12H,EMA50_SLOPE,HIGH,13,61.53846153846154,7.6923076923076925,0.3175737393752945,0.898647202701377,92.3076923076923
2025h1,CURRENT_12H,HOTNESS,LOW,11,36.36363636363637,27.27272727272727,1.0185661056265207,0.8509129749299809,90.9090909090909
2025h1,CURRENT_12H,HOTNESS,MID,12,41.66666666666667,33.33333333333333,0.8876922932494692,0.8522307611113586,75.0
2025h1,CURRENT_12H,HOTNESS,HIGH,10,50.0,10.0,0.54501108216659,0.8727552538510737,90.0
2025h1,CURRENT_FRESH,ADX,LOW,5,40.0,20.0,0.9505607322044912,0.9060680568733576,80.0
2025h1,CURRENT_FRESH,ADX,MID,3,66.66666666666666,33.33333333333333,0.4095465977495862,0.9333776752589568,100.0
2025h1,CURRENT_FRESH,ADX,HIGH,2,50.0,0.0,0.6471007509489956,0.6359650999462074,50.0
2025h1,CURRENT_FRESH,EMA50_SLOPE,LOW,4,50.0,25.0,0.8269116275265287,0.3851371176342764,50.0
2025h1,CURRENT_FRESH,EMA50_SLOPE,MID,3,33.33333333333333,33.33333333333333,0.9505607322044912,0.9060680568733576,100.0
2025h1,CURRENT_FRESH,EMA50_SLOPE,HIGH,3,66.66666666666666,0.0,0.1166722094073696,0.909182174268352,100.0
2025h1,CURRENT_FRESH,HOTNESS,LOW,5,60.0,20.0,0.4095465977495862,0.9060680568733576,80.0
2025h1,CURRENT_FRESH,HOTNESS,MID,4,25.0,25.0,1.2842601294776061,0.7954029425523363,75.0
2025h1,CURRENT_FRESH,HOTNESS,HIGH,1,100.0,0.0,0.0499248445945199,0.898647202701377,100.0
2025h1,CURRENT_STALE,ADX,LOW,7,42.857142857142854,28.57142857142857,1.095242878266595,0.8414111372800788,85.71428571428571
2025h1,CURRENT_STALE,ADX,MID,5,20.0,60.0,2.451439761107794,0.8388191458100797,80.0
2025h1,CURRENT_STALE,ADX,HIGH,11,45.45454545454545,9.090909090909092,0.5311079291954672,0.8630503849426386,90.9090909090909
2025h1,CURRENT_STALE,EMA50_SLOPE,LOW,7,14.285714285714285,42.857142857142854,1.6100341173028117,0.8388191458100797,85.71428571428571
2025h1,CURRENT_STALE,EMA50_SLOPE,MID,6,33.33333333333333,33.33333333333333,0.9825151331281593,0.8660770947215253,83.33333333333334
2025h1,CURRENT_STALE,EMA50_SLOPE,HIGH,10,60.0,10.0,0.3599938807763603,0.8441372211404246,90.0
2025h1,CURRENT_STALE,HOTNESS,LOW,6,16.666666666666664,33.33333333333333,1.3526384977847035,0.8448660603700302,100.0
2025h1,CURRENT_STALE,HOTNESS,MID,8,50.0,37.5,0.47478930466371605,0.8522307611113586,75.0
2025h1,CURRENT_STALE,HOTNESS,HIGH,9,44.44444444444444,11.11111111111111,0.7724484249578856,0.8468633050007703,88.88888888888889
2025h1,FRESH_POLICY_12H,ADX,LOW,6,33.33333333333333,33.33333333333333,1.1374021669281162,0.6515296474754363,66.66666666666666
2025h1,FRESH_POLICY_12H,ADX,MID,3,66.66666666666666,33.33333333333333,0.4095465977495862,0.9333776752589568,100.0
2025h1,FRESH_POLICY_12H,ADX,HIGH,3,66.66666666666666,0.0,0.0499248445945199,0.898647202701377,66.66666666666666
2025h1,FRESH_POLICY_12H,EMA50_SLOPE,LOW,4,50.0,25.0,0.8269116275265287,0.3851371176342764,50.0
2025h1,FRESH_POLICY_12H,EMA50_SLOPE,MID,4,25.0,50.0,1.9040685292014476,0.7938458838548391,75.0
2025h1,FRESH_POLICY_12H,EMA50_SLOPE,HIGH,4,75.0,0.0,0.08329852700094476,0.9119093330415569,100.0
2025h1,FRESH_POLICY_12H,HOTNESS,LOW,6,50.0,33.33333333333333,0.6800536649770387,0.6515296474754363,66.66666666666666
2025h1,FRESH_POLICY_12H,HOTNESS,MID,4,25.0,25.0,1.2842601294776061,0.7954029425523363,75.0
2025h1,FRESH_POLICY_12H,HOTNESS,HIGH,2,100.0,0.0,0.02496242229725995,0.9066418472580693,100.0
ALL,CURRENT_12H,ADX,LOW,92,30.434782608695656,30.434782608695656,1.0148576182253308,0.7700625255954032,79.34782608695652
ALL,CURRENT_12H,ADX,MID,70,34.285714285714285,31.428571428571427,1.0008603922625277,0.7475190913434732,78.57142857142857
ALL,CURRENT_12H,ADX,HIGH,91,42.857142857142854,25.274725274725274,0.6964753451066408,0.8072323480041101,84.61538461538461
ALL,CURRENT_12H,EMA50_SLOPE,LOW,89,22.47191011235955,38.20224719101123,1.282601548662866,0.6943822514994136,73.03370786516854
ALL,CURRENT_12H,EMA50_SLOPE,MID,72,40.27777777777778,29.166666666666668,0.6944159548317348,0.8048147568424815,80.55555555555556
ALL,CURRENT_12H,EMA50_SLOPE,HIGH,92,45.65217391304348,19.565217391304348,0.5991532445238829,0.7890922997905563,89.13043478260869
ALL,CURRENT_12H,HOTNESS,LOW,80,25.0,36.25,1.240976843883475,0.7541259901056352,75.0
ALL,CURRENT_12H,HOTNESS,MID,83,33.734939759036145,30.120481927710845,0.9831546788985348,0.780345269593675,78.3132530120482
ALL,CURRENT_12H,HOTNESS,HIGH,90,47.77777777777778,21.11111111111111,0.5991532445238829,0.7890922997905563,88.88888888888889
ALL,CURRENT_FRESH,ADX,LOW,44,29.545454545454547,27.27272727272727,0.8817386702875452,0.8518790397162782,75.0
ALL,CURRENT_FRESH,ADX,MID,16,18.75,37.5,1.3881082808561884,0.6661720821348744,62.5
ALL,CURRENT_FRESH,ADX,HIGH,6,33.33333333333333,33.33333333333333,1.0742277434004255,0.6999622677177364,50.0
ALL,CURRENT_FRESH,EMA50_SLOPE,LOW,51,25.49019607843137,31.372549019607842,1.1993521391040838,0.8110131840654192,66.66666666666666
ALL,CURRENT_FRESH,EMA50_SLOPE,MID,9,22.22222222222222,33.33333333333333,0.9505607322044912,0.852131156377637,77.77777777777779
ALL,CURRENT_FRESH,EMA50_SLOPE,HIGH,6,50.0,16.666666666666664,0.34719125772838355,0.9212799247636544,83.33333333333334
ALL,CURRENT_FRESH,HOTNESS,LOW,45,26.666666666666668,31.11111111111111,1.1096606144042798,0.8273811338780591,68.88888888888889
ALL,CURRENT_FRESH,HOTNESS,MID,20,25.0,30.0,1.1801194677489195,0.7815628722630698,70.0
ALL,CURRENT_FRESH,HOTNESS,HIGH,1,100.0,0.0,0.0499248445945199,0.898647202701377,100.0
ALL,CURRENT_STALE,ADX,LOW,48,31.25,33.33333333333333,1.10459183679031,0.7126736920477053,83.33333333333334
ALL,CURRENT_STALE,ADX,MID,54,38.88888888888889,29.629629629629626,0.7438872341647145,0.7508259108858,83.33333333333334
ALL,CURRENT_STALE,ADX,HIGH,85,43.529411764705884,24.705882352941178,0.68533046777341,0.8072323480041101,87.05882352941177
ALL,CURRENT_STALE,EMA50_SLOPE,LOW,38,18.421052631578945,47.368421052631575,1.6192604062641087,0.6346011649253309,81.57894736842105
ALL,CURRENT_STALE,EMA50_SLOPE,MID,63,42.857142857142854,28.57142857142857,0.614574190314194,0.8040091741493071,80.95238095238095
ALL,CURRENT_STALE,EMA50_SLOPE,HIGH,86,45.348837209302324,19.767441860465116,0.6431565890047667,0.7828896098533291,89.53488372093024
ALL,CURRENT_STALE,HOTNESS,LOW,35,22.857142857142858,42.857142857142854,1.6100341173028117,0.6943822514994136,82.85714285714286
ALL,CURRENT_STALE,HOTNESS,MID,63,36.507936507936506,30.158730158730158,0.7531451153547724,0.780345269593675,80.95238095238095
ALL,CURRENT_STALE,HOTNESS,HIGH,89,47.19101123595505,21.34831460674157,0.6009827102361234,0.7878936097162771,88.76404494382022
ALL,FRESH_POLICY_12H,ADX,LOW,47,25.53191489361702,31.914893617021278,0.9686394495609788,0.8273811338780591,70.2127659574468
ALL,FRESH_POLICY_12H,ADX,MID,21,23.809523809523807,33.33333333333333,1.2174523242702842,0.6507204534334283,66.66666666666666
ALL,FRESH_POLICY_12H,ADX,HIGH,12,58.333333333333336,25.0,0.3279461143158877,0.8397774418798263,66.66666666666666
ALL,FRESH_POLICY_12H,EMA50_SLOPE,LOW,52,25.0,32.69230769230769,1.1710693751658194,0.7581119137940135,65.38461538461539
ALL,FRESH_POLICY_12H,EMA50_SLOPE,MID,16,31.25,37.5,1.0840065282373876,0.7087522959593058,68.75
ALL,FRESH_POLICY_12H,EMA50_SLOPE,HIGH,12,50.0,16.666666666666664,0.4622934430486606,0.887255461027197,83.33333333333334
ALL,FRESH_POLICY_12H,HOTNESS,LOW,47,23.404255319148938,34.04255319148936,1.1993521391040838,0.8147122300375405,65.95744680851064
ALL,FRESH_POLICY_12H,HOTNESS,MID,26,30.76923076923077,34.61538461538461,1.1801194677489195,0.6661720821348744,65.38461538461539
ALL,FRESH_POLICY_12H,HOTNESS,HIGH,7,71.42857142857143,0.0,0.1722195352299836,0.8737538541491213,100.0
