window,decision_time,signal_score,relative_strength,market_state,entry_price,stop_price,risk_per_unit,reward_risk,current_near_high,previous_near_high,fresh_zone,actual_cross,mfe_r,mae_r,mfe_class,reached_0_5r,reached_1r,reached_2r,stopped_before_horizon,stop_time,bars_before_stop_or_horizon,current_policy,current_12h_selected,fresh_12h_selected,adx14,ema50_slope_12h,adx_rank,slope_rank,hotness_rank,adx_regime,slope_regime,hotness_regime,current_fresh,current_stale
2024,2024-01-30 14:00:00,100.0,83.33333333333334,STRONG_BULL,15.099,14.917703205893025,0.1812967941069754,2.2,False,False,False,False,5.300700460444733,0.3309490401942633,RUNNER_>=2R,True,True,True,False,,144,True,True,False,25.48886281937717,1.134497888107422,0.5333333333333333,0.45555555555555555,0.49444444444444446,MID,MID,MID,False,True
2024,2024-01-31 16:00:00,100.0,100.0,BULL,15.708,15.484015043323444,0.2239849566765563,2.2000000000000046,False,False,False,False,0.6964753451066408,0.8616650102921852,MIDDLE_0.5-2R,True,False,False,True,2024-01-31 20:15:00,16,True,True,False,29.59046391786742,1.472299192966675,0.7,0.6444444444444445,0.6722222222222223,HIGH,MID,HIGH,False,True
2024,2024-02-03 11:00:00,95.0,83.33333333333334,BULL,18.042,17.669153741695094,0.3728462583049072,2.200000000000002,False,True,False,False,0.1421497435456487,0.9414067921608612,FALSE_<0.5R,False,False,False,True,2024-02-03 18:15:00,28,True,True,False,32.48966043807059,1.2927166011740487,0.8111111111111111,0.5555555555555556,0.6833333333333333,HIGH,MID,HIGH,False,True
2024,2024-02-04 12:00:00,100.0,100.0,BULL,18.159,17.689715263428756,0.4692847365712431,2.199999999999997,True,False,True,True,3.4840255234932163,0.7522085686807934,RUNNER_>=2R,True,True,True,False,,144,True,True,True,14.996051853222694,0.5391234675508949,0.08888888888888889,0.2777777777777778,0.18333333333333335,LOW,LOW,LOW,True,False
2024,2024-02-10 18:00:00,98.0,83.33333333333334,STRONG_BULL,18.426,18.27229990874607,0.1537000912539277,2.2,True,False,True,False,14.638898270286504,0.1366297171893227,RUNNER_>=2R,True,True,True,False,,144,True,True,True,11.477538240582103,-0.28878795461571016,0.022222222222222223,0.03333333333333333,0.027777777777777776,LOW,LOW,LOW,True,False
2024,2024-02-12 00:00:00,95.0,100.0,STRONG_BULL,20.146,19.932052939056053,0.2139470609439477,2.1999999999999966,False,False,False,False,2.266915927052932,0.2103324056028575,RUNNER_>=2R,True,True,True,True,2024-02-12 02:15:00,8,True,True,False,36.9928055530273,2.2413606199896963,0.9,0.9444444444444444,0.9222222222222223,HIGH,HIGH,HIGH,False,True
2024,2024-02-12 07:00:00,100.0,100.0,BULL,20.235,19.903241502495487,0.3317584975045129,2.2,False,False,False,False,1.8386868899769528,0.8620728697268932,MIDDLE_0.5-2R,True,True,False,True,2024-02-12 14:45:00,30,True,False,False,29.25897019053786,1.497599198310673,0.6888888888888889,0.6888888888888889,0.6888888888888889,HIGH,HIGH,HIGH,False,False
2024,2024-02-14 03:00:00,99.0,100.0,STRONG_BULL,20.131,19.91578315335768,0.2152168466423241,2.2000000000000037,True,False,True,False,0.2044449618441139,0.8828305170541249,FALSE_<0.5R,False,False,False,True,2024-02-14 05:00:00,7,True,True,True,19.9429519824546,-0.4547952741697392,0.28888888888888886,0.022222222222222223,0.15555555555555553,LOW,LOW,LOW,True,False
2024,2024-02-14 08:00:00,95.0,83.33333333333334,STRONG_BULL,20.088,19.899085662149016,0.188914337850985,2.2,False,False,False,False,1.8103443279660816,0.6987293897413049,MIDDLE_0.5-2R,True,True,False,True,2024-02-14 15:15:00,28,True,False,False,17.611524754582874,-0.10635379454387861,0.2,0.07777777777777778,0.1388888888888889,LOW,LOW,LOW,False,False
2024,2024-02-14 09:00:00,98.0,66.66666666666666,STRONG_BULL,20.25,19.942441960766,0.3075580392339994,2.2,True,False,True,True,0.5852553893512448,0.7250663990295955,MIDDLE_0.5-2R,True,False,False,True,2024-02-14 15:15:00,24,True,False,False,16.794703765128506,-0.008496434467863967,0.14444444444444443,0.1111111111111111,0.12777777777777777,LOW,LOW,LOW,False,False
2024,2024-02-16 06:00:00,100.0,66.66666666666666,STRONG_BULL,20.201,19.98313596324242,0.2178640367575788,2.2000000000000037,True,False,True,True,0.5003120369117389,0.8904636253291602,MIDDLE_0.5-2R,True,False,False,True,2024-02-16 07:30:00,5,True,True,True,11.71832991839995,-0.18591375556791245,0.03333333333333333,0.06666666666666667,0.05,LOW,LOW,LOW,True,False
2024,2024-02-18 10:00:00,100.0,100.0,STRONG_BULL,20.069,19.79609501144152,0.2729049885584835,2.199999999999997,False,False,False,False,1.113940795314025,0.8720983858050515,MIDDLE_0.5-2R,True,True,False,True,2024-02-19 10:30:00,97,True,True,False,12.21635171924423,0.42395644799586574,0.044444444444444446,0.2,0.12222222222222223,LOW,LOW,LOW,False,True
2024,2024-03-01 23:00:00,98.0,66.66666666666666,STRONG_BULL,19.966,19.67536593051638,0.2906340694836196,2.2,True,False,True,False,5.931857896299272,0.0344075284008132,RUNNER_>=2R,True,True,True,True,2024-03-03 07:30:00,129,True,True,True,8.361987646521703,0.48008099840881613,0.011111111111111112,0.23333333333333334,0.12222222222222222,LOW,LOW,LOW,True,False
2024,2024-03-10 22:00:00,100.0,83.33333333333334,STRONG_BULL,20.174,19.832910772722293,0.3410892272777062,2.200000000000004,True,False,True,True,7.898226576961378,0.3518141014236725,RUNNER_>=2R,True,True,True,False,,144,True,True,True,23.480372112108906,-0.22177015088312713,0.4222222222222222,0.044444444444444446,0.23333333333333334,MID,LOW,LOW,True,False
2024,2024-03-11 21:00:00,95.0,83.33333333333334,STRONG_BULL,21.247,20.890916544760632,0.3560834552393679,2.199999999999998,False,False,False,False,0.6009827102361234,0.7442075617410002,MIDDLE_0.5-2R,True,False,False,True,2024-03-12 04:00:00,27,True,True,False,33.541389528298396,1.5768920850197432,0.8333333333333334,0.7444444444444445,0.788888888888889,HIGH,HIGH,HIGH,False,True
2024,2024-03-13 07:00:00,95.0,100.0,STRONG_BULL,20.828,20.578754595407474,0.2492454045925249,2.200000000000003,False,False,False,False,0.5295985304756154,0.706131373967473,MIDDLE_0.5-2R,True,False,False,True,2024-03-13 12:45:00,22,True,True,False,26.639315625925228,-0.02780764475792674,0.5777777777777777,0.1,0.33888888888888885,MID,LOW,MID,False,True
2024,2024-03-13 11:00:00,100.0,83.33333333333334,STRONG_BULL,20.872,20.63109085410301,0.2409091458969889,2.200000000000003,False,False,False,False,0.0249056546926026,0.9132073387287226,FALSE_<0.5R,False,False,False,True,2024-03-13 12:45:00,6,True,False,False,20.48108525005395,0.1813174023767905,0.3,0.13333333333333333,0.21666666666666667,LOW,LOW,LOW,False,False
2024,2024-03-26 15:00:00,95.0,100.0,STRONG_BULL,20.309,19.7569280538112,0.5520719461888,2.200000000000001,False,False,False,False,0.0126795068076217,0.909301773918297,FALSE_<0.5R,False,False,False,True,2024-03-26 16:45:00,6,True,True,False,44.309683433314866,2.6000858410738292,0.9666666666666667,0.9666666666666667,0.9666666666666667,HIGH,HIGH,HIGH,False,True
2024,2024-03-27 00:00:00,95.0,83.33333333333334,STRONG_BULL,20.007,19.752178374114653,0.2548216258853486,2.2,False,False,False,False,0.7024521540433762,0.8358788201745311,MIDDLE_0.5-2R,True,False,False,True,2024-03-27 05:00:00,19,True,False,False,25.582247516112474,1.4951404800201962,0.5555555555555556,0.6777777777777778,0.6166666666666667,MID,HIGH,MID,False,False
2024,2024-03-27 01:00:00,100.0,83.33333333333334,STRONG_BULL,20.104,19.76952956508699,0.3344704349130083,2.199999999999996,False,False,False,False,0.2451636720038587,0.9268382722096976,FALSE_<0.5R,False,False,False,True,2024-03-27 05:00:00,15,True,False,False,24.21447753904009,1.3688248321932717,0.4777777777777778,0.6,0.5388888888888889,MID,MID,MID,False,False
2024,2024-03-27 03:00:00,95.0,83.33333333333334,STRONG_BULL,20.077,19.799299196979774,0.2777008030202239,2.200000000000005,False,False,False,False,0.0180049893468794,0.9974764098173248,FALSE_<0.5R,False,False,False,True,2024-03-27 04:45:00,6,True,True,False,22.03235055821762,1.1538979688460183,0.36666666666666664,0.4666666666666667,0.41666666666666663,MID,MID,MID,False,True
2024,2024-04-08 08:00:00,100.0,66.66666666666666,STRONG_BULL,17.964,17.657989590569255,0.3060104094307441,2.1999999999999957,True,False,True,True,2.329986098598277,0.9770909445734682,RUNNER_>=2R,True,True,True,True,2024-04-09 08:15:00,96,True,True,True,18.420636928840594,0.25526979632510827,0.24444444444444444,0.16666666666666666,0.20555555555555555,LOW,LOW,LOW,True,False
2024,2024-04-21 11:00:00,95.0,66.66666666666666,BULL,14.871,14.735395152389302,0.1356048476106988,2.199999999999995,False,False,False,False,0.5973237788116423,0.8038060727218445,MIDDLE_0.5-2R,True,False,False,True,2024-04-21 14:00:00,11,True,True,False,31.427458007295748,2.0522932881263056,0.7555555555555555,0.9,0.8277777777777777,HIGH,HIGH,HIGH,False,True
2024,2024-04-22 20:00:00,95.0,66.66666666666666,BULL,15.398,15.214662621147866,0.1833373788521335,2.200000000000002,False,False,False,False,1.3363341481913518,0.9163434159026336,MIDDLE_0.5-2R,True,True,False,True,2024-04-23 11:45:00,62,True,True,False,19.18411782072854,1.2453581866407548,0.26666666666666666,0.5222222222222223,0.3944444444444445,LOW,MID,MID,False,True
2024,2024-05-05 01:00:00,100.0,83.33333333333334,BULL,14.35,14.245394457566142,0.1046055424338572,2.1999999999999966,False,False,False,False,0.1625152893858415,0.6596208804483589,FALSE_<0.5R,False,False,False,True,2024-05-05 01:30:00,1,True,True,False,49.81396851949504,1.288898628486912,0.9888888888888889,0.5444444444444444,0.7666666666666666,HIGH,MID,HIGH,False,True
2024,2024-05-05 09:00:00,95.0,66.66666666666666,BULL,14.31,14.169743833341457,0.1402561666585438,2.2000000000000024,False,False,False,False,6.09598864969347,0.6773320721881689,RUNNER_>=2R,True,True,True,False,,144,True,False,False,31.66595012183857,0.6848176807433548,0.7777777777777778,0.35555555555555557,0.5666666666666667,HIGH,MID,MID,False,False
2024,2024-05-05 12:00:00,95.0,83.33333333333334,BULL,14.302,14.182250922602906,0.1197490773970937,2.200000000000003,False,False,False,False,7.206736108189375,0.7265191673377452,RUNNER_>=2R,True,True,True,False,,144,True,False,False,29.229713556596515,0.5788118270867004,0.6777777777777778,0.32222222222222224,0.5,HIGH,LOW,MID,False,False
2024,2024-05-05 14:00:00,100.0,66.66666666666666,BULL,14.314,14.192430166100884,0.121569833899116,2.200000000000003,True,False,True,False,7.000091821349335,0.4853177643473632,RUNNER_>=2R,True,True,True,False,,144,True,True,True,27.076608811980034,0.5256032203581729,0.6,0.24444444444444444,0.4222222222222222,MID,LOW,MID,True,False
2024,2024-05-05 15:00:00,100.0,66.66666666666666,BULL,14.399,14.203681541130589,0.1953184588694103,2.199999999999996,True,True,False,True,3.921800348179824,0.6246209431826867,RUNNER_>=2R,True,True,True,False,,144,True,False,False,26.605135917937915,0.5754295783543473,0.5666666666666667,0.3111111111111111,0.4388888888888889,MID,LOW,MID,False,False
2024,2024-05-05 22:00:00,100.0,83.33333333333334,BULL,14.36,14.260304914360203,0.0996950856397944,2.1999999999999966,False,False,False,False,8.074620677979283,0.8325385295307853,RUNNER_>=2R,True,True,True,True,2024-05-07 03:30:00,117,True,False,False,26.81995642802487,0.7382864721624527,0.5888888888888889,0.3888888888888889,0.48888888888888893,MID,MID,MID,False,False
2024,2024-05-06 00:00:00,95.0,66.66666666666666,BULL,14.371,14.276460870035075,0.0945391299649252,2.199999999999996,False,False,False,False,8.398638746671134,0.9942972823515086,RUNNER_>=2R,True,True,True,True,2024-05-07 03:30:00,109,True,False,False,25.003102301743127,0.7184372059052979,0.5111111111111111,0.36666666666666664,0.4388888888888889,MID,MID,MID,False,False
2024,2024-05-06 04:00:00,95.0,66.66666666666666,STRONG_BULL,14.377,14.280696374142853,0.0963036258571481,2.2,False,False,False,False,8.18245411827876,0.2492118005567233,RUNNER_>=2R,True,True,True,True,2024-05-07 03:30:00,93,True,True,False,23.512775195184524,0.597283744020416,0.43333333333333335,0.3333333333333333,0.3833333333333333,MID,LOW,MID,False,True
2024,2024-05-16 10:00:00,100.0,66.66666666666666,BULL,13.894,13.77497684513156,0.1190231548684401,2.199999999999997,False,False,False,False,0.0084017265472821,0.9073864671069772,FALSE_<0.5R,False,False,False,True,2024-05-16 12:30:00,9,True,True,False,38.13055818443867,1.5622468235360731,0.9444444444444444,0.7333333333333333,0.8388888888888888,HIGH,HIGH,HIGH,False,True
2024,2024-05-19 14:00:00,100.0,100.0,STRONG_BULL,16.656,16.32101840354923,0.3349815964507705,2.200000000000002,False,False,False,False,2.4001318535663474,0.9821435072429344,RUNNER_>=2R,True,True,True,False,,144,True,True,False,37.61782476248368,1.4389338877804914,0.9222222222222223,0.6333333333333333,0.7777777777777778,HIGH,MID,HIGH,False,True
2024,2024-05-20 03:00:00,100.0,100.0,BULL,16.824,16.462800585452193,0.3611994145478086,2.199999999999996,False,False,False,False,1.0908101844330322,0.8222604689761741,MIDDLE_0.5-2R,True,True,False,True,2024-05-20 12:45:00,38,True,True,False,25.51360502524867,1.2315481345757995,0.5444444444444444,0.5111111111111111,0.5277777777777777,MID,MID,MID,False,True
2024,2024-05-23 12:00:00,100.0,66.66666666666666,STRONG_BULL,16.699,16.517055718355365,0.1819442816446361,2.199999999999996,False,False,False,False,0.5990845055130184,0.1703818318431678,MIDDLE_0.5-2R,True,False,False,True,2024-05-23 13:00:00,3,True,True,False,14.445512587832159,-0.19317324173597772,0.07777777777777778,0.05555555555555555,0.06666666666666667,LOW,LOW,LOW,False,True
2024,2024-05-24 18:00:00,100.0,100.0,BULL,17.372,16.93434290207965,0.4376570979203507,2.200000000000001,False,False,False,False,0.3792923747582193,0.9299517863047888,FALSE_<0.5R,False,False,False,True,2024-05-25 13:45:00,78,True,True,False,17.528899284759685,1.5836573022473877,0.18888888888888888,0.7777777777777778,0.48333333333333334,LOW,HIGH,MID,False,True
2024,2024-07-21 15:00:00,99.0,100.0,STRONG_BULL,14.551,14.217627808738133,0.3333721912618692,2.2,True,False,True,True,0.6779209721859267,0.5699335606872843,MIDDLE_0.5-2R,True,False,False,True,2024-07-21 18:15:00,12,True,True,True,27.954201646674335,0.4781630971769424,0.6444444444444445,0.2222222222222222,0.43333333333333335,MID,LOW,MID,True,False
2024,2024-07-22 03:00:00,95.0,66.66666666666666,STRONG_BULL,14.591,14.392037788810564,0.1989622111894355,2.200000000000002,False,False,False,False,0.0452347204335765,0.8594596882379194,FALSE_<0.5R,False,False,False,True,2024-07-22 05:45:00,10,True,True,False,32.150767785693056,1.4856477327061635,0.8,0.6666666666666666,0.7333333333333334,HIGH,MID,HIGH,False,True
2024,2024-08-20 14:00:00,100.0,66.66666666666666,BULL,10.44,10.351602770483218,0.0883972295167812,2.2,False,False,False,False,0.0,0.0,FALSE_<0.5R,False,False,False,True,2024-08-20 14:15:00,0,True,True,False,30.118464489672846,1.1299255034370903,0.7222222222222222,0.4444444444444444,0.5833333333333333,HIGH,MID,MID,False,True
2024,2024-08-23 13:00:00,100.0,100.0,BULL,11.67,11.47775804927062,0.1922419507293788,2.199999999999998,False,False,False,False,0.7802667390280336,0.4681600434168183,MIDDLE_0.5-2R,True,False,False,True,2024-08-23 15:00:00,7,True,True,False,50.65139302782475,1.8536531996900418,1.0,0.8555555555555555,0.9277777777777778,HIGH,HIGH,HIGH,False,True
2024,2024-08-25 14:00:00,100.0,100.0,STRONG_BULL,12.2,12.067282891298497,0.1327171087015024,2.199999999999995,True,False,True,True,0.9041788294973798,0.9795270652888124,MIDDLE_0.5-2R,True,False,False,True,2024-08-26 01:15:00,44,True,True,True,31.04136421547019,0.6347084702189587,0.7444444444444445,0.34444444444444444,0.5444444444444445,HIGH,MID,MID,True,False
2024,2024-08-26 07:00:00,100.0,100.0,BULL,12.32,12.07386169578281,0.2461383042171903,2.200000000000003,True,False,True,True,1.5438474771675128,0.9750615645268536,MIDDLE_0.5-2R,True,True,False,True,2024-08-26 18:00:00,43,True,True,True,16.49143655002791,0.4054439153702738,0.13333333333333333,0.18888888888888888,0.1611111111111111,LOW,LOW,LOW,True,False
2024,2024-09-14 16:00:00,95.0,83.33333333333334,STRONG_BULL,11.38,11.250446278207008,0.1295537217929929,2.200000000000005,False,False,False,False,0.3087522260758593,0.7718805651896757,FALSE_<0.5R,False,False,False,True,2024-09-14 18:15:00,8,True,True,False,33.74193761280385,1.2095278296268441,0.8444444444444444,0.5,0.6722222222222223,HIGH,MID,HIGH,False,True
2024,2024-09-14 19:00:00,100.0,66.66666666666666,BULL,11.32,11.243074468762298,0.0769255312377019,2.2000000000000046,False,False,False,False,0.519983409362466,0.9099709663843386,MIDDLE_0.5-2R,True,False,False,True,2024-09-15 08:15:00,52,True,False,False,29.734509354964917,1.0273307532392417,0.7111111111111111,0.43333333333333335,0.5722222222222222,HIGH,MID,MID,False,False
2024,2024-09-20 02:00:00,100.0,66.66666666666666,STRONG_BULL,11.2,11.105636336595502,0.094363663404497,2.199999999999996,False,False,False,False,5.722541712748576,0.2119459893610535,RUNNER_>=2R,True,True,True,False,,144,True,True,False,34.98801004021362,1.4062483022734495,0.8666666666666667,0.6222222222222222,0.7444444444444445,HIGH,MID,HIGH,False,True
2024,2024-09-20 16:00:00,100.0,66.66666666666666,STRONG_BULL,11.53,11.41222144639626,0.1177785536037401,2.2,False,False,False,False,0.2547153032710402,0.8490510109034324,FALSE_<0.5R,False,False,False,True,2024-09-20 17:30:00,5,True,True,False,37.98818749941215,2.0825507265359366,0.9333333333333333,0.9333333333333333,0.9333333333333333,HIGH,HIGH,HIGH,False,True
2024,2024-09-23 15:00:00,98.0,100.0,STRONG_BULL,11.49,11.265751311330968,0.2242486886690322,2.1999999999999966,True,False,True,False,0.5351201860408947,0.9364603255715755,MIDDLE_0.5-2R,True,False,False,True,2024-09-24 01:30:00,41,True,True,True,15.679500571656382,0.5717936737325013,0.1111111111111111,0.3,0.20555555555555555,LOW,LOW,LOW,True,False
2024,2024-09-23 18:00:00,100.0,83.33333333333334,STRONG_BULL,11.44,11.301363844919328,0.1386361550806718,2.2000000000000024,False,False,False,False,0.5049187923544731,0.5770500484051103,MIDDLE_0.5-2R,True,False,False,True,2024-09-24 00:45:00,26,True,False,False,16.220653025709975,0.5355526375780517,0.12222222222222222,0.26666666666666666,0.19444444444444445,LOW,LOW,LOW,False,False
2024,2024-09-26 07:00:00,100.0,83.33333333333334,BULL,12.26,12.044853850434066,0.2151461495659337,2.1999999999999966,True,False,True,True,2.8817620080623185,0.6507204534334283,RUNNER_>=2R,True,True,True,False,,144,True,True,True,23.43051136047153,0.5574402164431058,0.4111111111111111,0.28888888888888886,0.35,MID,LOW,MID,True,False
2024,2024-09-27 04:00:00,95.0,83.33333333333334,STRONG_BULL,12.63,12.38914000342806,0.24085999657194,2.1999999999999984,False,False,False,False,1.037947370082811,0.6227684220496881,MIDDLE_0.5-2R,True,True,False,True,2024-09-28 09:15:00,116,True,True,False,21.130345915156223,1.5115375475760695,0.3333333333333333,0.7111111111111111,0.5222222222222223,LOW,HIGH,MID,False,True
2024,2024-09-27 12:00:00,100.0,83.33333333333334,STRONG_BULL,12.72,12.540076633659709,0.1799233663402937,2.200000000000002,False,False,False,False,0.8892674879003097,0.8892674879003097,MIDDLE_0.5-2R,True,False,False,True,2024-09-28 08:15:00,80,True,False,False,24.645045391562498,1.3986302068091927,0.4888888888888889,0.6111111111111112,0.55,MID,MID,MID,False,False
2024,2024-09-28 15:00:00,100.0,66.66666666666666,STRONG_BULL,12.86,12.583299470932833,0.2767005290671669,2.200000000000001,True,False,True,True,0.4336818596066794,0.9396440291477968,FALSE_<0.5R,False,False,False,True,2024-09-29 07:45:00,66,True,True,True,17.141801732646726,0.34529812296766327,0.17777777777777778,0.17777777777777778,0.17777777777777778,LOW,LOW,LOW,True,False
2024,2024-10-07 17:00:00,100.0,100.0,STRONG_BULL,11.56,11.36704143524587,0.1929585647541305,2.199999999999998,False,False,False,False,0.0518245977458521,0.8810181616795056,FALSE_<0.5R,False,False,False,True,2024-10-07 18:30:00,5,True,True,False,27.92318595319509,0.7525704892347385,0.6333333333333333,0.4,0.5166666666666666,MID,MID,MID,False,True
2024,2024-10-13 01:00:00,100.0,66.66666666666666,STRONG_BULL,11.03,10.96382939930859,0.0661706006914091,2.200000000000005,False,False,False,False,0.0,0.0,FALSE_<0.5R,False,False,False,True,2024-10-13 01:15:00,0,True,True,False,23.781898281213216,0.7307014837508286,0.4444444444444444,0.37777777777777777,0.4111111111111111,MID,MID,MID,False,True
2024,2024-10-15 13:00:00,100.0,100.0,STRONG_BULL,11.52,11.302781338569218,0.2172186614307811,2.2000000000000037,False,False,False,False,0.8286580849654966,0.5524387233103284,MIDDLE_0.5-2R,True,False,False,True,2024-10-15 14:45:00,6,True,True,False,36.88846004250985,1.5616493266413123,0.8888888888888888,0.7222222222222222,0.8055555555555556,HIGH,HIGH,HIGH,False,True
2024,2024-10-15 14:00:00,100.0,100.0,STRONG_BULL,11.65,11.32798081538558,0.3220191846144207,2.199999999999998,True,False,True,True,0.1552702521741614,0.714243160001159,FALSE_<0.5R,False,False,False,True,2024-10-15 14:45:00,2,True,False,True,35.91187453351279,1.5980385904005745,0.8777777777777778,0.7888888888888889,0.8333333333333333,HIGH,HIGH,HIGH,False,False
2024,2024-10-16 00:00:00,99.0,100.0,STRONG_BULL,11.45,11.212641100711092,0.2373588992889068,2.200000000000001,True,False,True,True,0.0842605862258313,0.8847361553711653,FALSE_<0.5R,False,False,False,True,2024-10-16 04:45:00,18,True,False,False,23.974323671576606,0.4408452020470355,0.45555555555555555,0.2111111111111111,0.3333333333333333,MID,LOW,LOW,False,False
2024,2024-10-16 02:00:00,95.0,83.33333333333334,STRONG_BULL,11.38,11.216662560099111,0.1633374399008875,2.199999999999998,False,False,False,False,0.4285606535921843,0.8571213071843905,FALSE_<0.5R,False,False,False,True,2024-10-16 04:45:00,10,True,True,False,21.07812060454208,0.24424158747229363,0.32222222222222224,0.15555555555555556,0.2388888888888889,LOW,LOW,LOW,False,True
2024,2024-10-18 19:00:00,100.0,66.66666666666666,STRONG_BULL,11.44,11.28719455955464,0.1528054404453609,2.2000000000000024,False,False,False,False,1.047083137443734,0.981640441353502,MIDDLE_0.5-2R,True,True,False,True,2024-10-20 03:30:00,129,True,True,False,27.332150298894952,0.8750140332281608,0.6111111111111112,0.4111111111111111,0.5111111111111111,MID,MID,MID,False,True
2024,2024-10-20 10:00:00,100.0,83.33333333333334,STRONG_BULL,11.48,11.337743692092213,0.1422563079077878,2.199999999999995,True,False,True,True,3.936556545267553,0.0,RUNNER_>=2R,True,True,True,False,,144,True,True,True,12.751437994712292,0.13401197468758674,0.05555555555555555,0.12222222222222222,0.08888888888888888,LOW,LOW,LOW,True,False
2024,2024-10-21 04:00:00,95.0,83.33333333333334,STRONG_BULL,11.89,11.797211164479087,0.0927888355209134,2.199999999999996,False,False,False,False,1.4010306225978948,0.862172690829481,MIDDLE_0.5-2R,True,True,False,True,2024-10-21 09:45:00,22,True,True,False,39.23772140203682,1.5113462002150246,0.9555555555555556,0.7,0.8277777777777777,HIGH,HIGH,HIGH,False,True
2024,2024-10-21 10:00:00,100.0,83.33333333333334,STRONG_BULL,11.92,11.765264305106022,0.1547356948939775,2.2000000000000024,False,False,False,False,0.1938789884296244,0.9047686126716036,FALSE_<0.5R,False,False,False,True,2024-10-21 11:00:00,3,True,False,False,33.10705580602619,1.2580133462520182,0.8222222222222222,0.5333333333333333,0.6777777777777778,HIGH,MID,HIGH,False,False
2024,2024-10-22 02:00:00,100.0,83.33333333333334,BULL,11.82,11.68163956556312,0.1383604344368798,2.2000000000000024,True,False,True,False,3.830574847188601,0.8672999654012008,RUNNER_>=2R,True,True,True,True,2024-10-23 07:00:00,115,True,True,True,17.994174915814824,0.1875099412954162,0.23333333333333334,0.14444444444444443,0.18888888888888888,LOW,LOW,LOW,True,False
2024,2024-10-22 18:00:00,95.0,100.0,BULL,12.07,11.89622087212856,0.1737791278714411,2.200000000000002,False,False,False,False,0.4603544797346591,0.8056203395356559,FALSE_<0.5R,False,False,False,True,2024-10-23 00:30:00,25,True,True,False,19.38113861884124,1.2061622817976403,0.2777777777777778,0.4888888888888889,0.3833333333333333,LOW,MID,MID,False,True
2024,2024-10-29 21:00:00,100.0,83.33333333333334,STRONG_BULL,11.57,11.393899834971789,0.1761001650282132,2.200000000000004,False,False,False,False,5.110727748925222,0.1135717277538913,RUNNER_>=2R,True,True,True,False,,144,True,True,False,34.7909574451258,1.348297191211345,0.8555555555555555,0.5888888888888889,0.7222222222222222,HIGH,MID,HIGH,False,True
2024,2024-11-07 13:00:00,95.0,83.33333333333334,STRONG_BULL,12.31,12.15769517290131,0.1523048270986908,2.2000000000000024,False,False,False,False,0.328289004048439,0.7878936097162771,FALSE_<0.5R,False,False,False,True,2024-11-07 14:00:00,3,True,True,False,37.39273466272371,3.1814252412590838,0.9111111111111111,0.9777777777777777,0.9444444444444444,HIGH,HIGH,HIGH,False,True
2024,2024-11-09 14:00:00,100.0,66.66666666666666,STRONG_BULL,13.52,13.346099800794104,0.1739001992058959,2.199999999999998,False,False,False,False,0.287521234756041,0.7475552103656904,FALSE_<0.5R,False,False,False,True,2024-11-09 17:15:00,12,True,True,False,28.973076757945353,2.078545013874855,0.6666666666666666,0.9222222222222223,0.7944444444444445,MID,HIGH,HIGH,False,True
2024,2024-11-09 18:00:00,100.0,66.66666666666666,STRONG_BULL,13.45,13.2885942162245,0.1614057837754998,2.2000000000000046,False,False,False,False,8.673790785262488,0.1858669453984779,RUNNER_>=2R,True,True,True,False,,144,True,False,False,24.183082520334032,1.7653362521369065,0.4666666666666667,0.8111111111111111,0.6388888888888888,MID,HIGH,MID,False,False
2024,2024-11-09 19:00:00,95.0,66.66666666666666,STRONG_BULL,13.58,13.33977712921217,0.2402228707878304,2.200000000000003,False,False,False,False,5.286757234375441,0.4995361166338969,RUNNER_>=2R,True,True,True,False,,144,True,False,False,23.150468197872843,1.7296303372272614,0.3888888888888889,0.8,0.5944444444444444,MID,HIGH,MID,False,False
2024,2024-11-09 23:00:00,100.0,66.66666666666666,STRONG_BULL,13.75,13.386472070015976,0.3635279299840235,2.199999999999998,True,False,True,True,3.025902301504985,0.3851148383733633,RUNNER_>=2R,True,True,True,False,,144,True,False,True,21.474664069753494,1.578443797390472,0.35555555555555557,0.7555555555555555,0.5555555555555556,MID,HIGH,MID,False,False
2024,2024-11-11 03:00:00,95.0,66.66666666666666,STRONG_BULL,14.54,14.179634964715742,0.3603650352842571,2.199999999999998,False,False,False,False,0.0,0.8324892001893524,FALSE_<0.5R,False,False,False,True,2024-11-11 04:30:00,5,True,True,False,30.229918556919056,1.8478436762559447,0.7333333333333333,0.8333333333333334,0.7833333333333333,HIGH,HIGH,HIGH,False,True
2024,2024-11-16 17:00:00,100.0,83.33333333333334,STRONG_BULL,14.22,14.007825594784595,0.2121744052154035,2.1999999999999984,False,False,False,False,3.204910598475111,0.7540966114059096,RUNNER_>=2R,True,True,True,True,2024-11-17 02:15:00,36,True,True,False,27.60344737809706,1.8483021815404177,0.6222222222222222,0.8444444444444444,0.7333333333333334,MID,HIGH,HIGH,False,True
2024,2024-11-17 07:00:00,100.0,66.66666666666666,STRONG_BULL,14.41,14.130575964747464,0.2794240352525374,2.199999999999999,False,False,False,False,0.5010306284979085,0.6083943346046004,MIDDLE_0.5-2R,True,False,False,True,2024-11-17 11:15:00,16,True,True,False,24.754951561992332,1.4790016963081687,0.5,0.6555555555555556,0.5777777777777777,MID,MID,MID,False,True
2024,2024-11-18 13:00:00,100.0,66.66666666666666,BULL,14.52,14.208476992591892,0.3115230074081072,2.199999999999999,False,False,False,False,4.7508529540521,0.9309103761318274,RUNNER_>=2R,True,True,True,False,,144,True,True,False,23.2592183576335,1.2978198283782438,0.4,0.5777777777777777,0.4888888888888889,MID,MID,MID,False,True
2024,2024-11-18 15:00:00,100.0,100.0,BULL,14.63,14.198940916141414,0.431059083858587,2.2,False,False,False,False,3.1782186045972307,0.6959602783789577,RUNNER_>=2R,True,True,True,False,,144,True,False,False,22.106775724364457,1.296618432137575,0.37777777777777777,0.5666666666666667,0.4722222222222222,MID,MID,MID,False,False
2024,2024-11-19 06:00:00,95.0,83.33333333333334,STRONG_BULL,15.05,14.76878141390826,0.2812185860917395,2.199999999999997,False,False,False,False,0.1066785820131131,0.9601072381180435,FALSE_<0.5R,False,False,False,True,2024-11-19 09:30:00,13,True,True,False,25.34004658707896,1.9221876852938191,0.5222222222222223,0.8666666666666667,0.6944444444444444,MID,HIGH,HIGH,False,True
2024,2024-11-20 10:00:00,100.0,66.66666666666666,STRONG_BULL,14.85,14.578624428426222,0.2713755715737775,2.2,True,False,True,True,0.2947944044338967,0.2210958033254242,FALSE_<0.5R,False,False,False,True,2024-11-20 11:15:00,4,True,True,True,17.94167527211883,-0.48565187917457564,0.2111111111111111,0.011111111111111112,0.1111111111111111,LOW,LOW,LOW,True,False
2024,2024-11-20 14:00:00,98.0,66.66666666666666,STRONG_BULL,15.11,14.605039725088622,0.5049602749113777,2.199999999999998,True,False,True,True,0.4158742983036766,0.7129273685205845,FALSE_<0.5R,False,False,False,True,2024-11-20 16:30:00,9,True,False,False,15.584086215913786,-0.10047881566752626,0.1,0.08888888888888889,0.09444444444444444,LOW,LOW,LOW,False,False
2024,2024-11-22 21:00:00,95.0,66.66666666666666,STRONG_BULL,15.3,15.01494823699828,0.2850517630017215,2.199999999999997,False,False,False,False,10.840136428068114,0.1052440429909565,RUNNER_>=2R,True,True,True,False,,144,True,True,False,18.803534924547996,1.2027519097198125,0.25555555555555554,0.4777777777777778,0.3666666666666667,LOW,MID,MID,False,True
2024,2024-11-24 07:00:00,95.0,100.0,STRONG_BULL,17.8,17.285762521562418,0.5142374784375825,2.2,False,False,False,False,0.13612387843197,0.9334208806763628,FALSE_<0.5R,False,False,False,True,2024-11-24 09:30:00,9,True,True,False,49.0733637192244,3.641676826054141,0.9777777777777777,0.9888888888888889,0.9833333333333334,HIGH,HIGH,HIGH,False,True
2024,2024-11-27 18:00:00,100.0,66.66666666666666,BULL,18.19,17.641534589497653,0.5484654105023488,2.200000000000001,False,False,False,False,1.4768479187376755,0.8934018273845249,MIDDLE_0.5-2R,True,True,False,True,2024-11-28 15:30:00,85,True,True,False,20.574644260995026,1.580101648899479,0.3111111111111111,0.7666666666666667,0.538888888888889,LOW,HIGH,MID,False,True
2024,2024-12-01 15:00:00,98.0,66.66666666666666,STRONG_BULL,18.8,18.541670919455168,0.2583290805448328,2.1999999999999944,True,False,True,False,0.8129166083705992,0.8516269230549194,MIDDLE_0.5-2R,True,False,False,True,2024-12-01 20:15:00,20,True,True,True,13.947708734262948,0.529983553501312,0.06666666666666667,0.25555555555555554,0.1611111111111111,LOW,LOW,LOW,True,False
2024,2024-12-02 05:00:00,100.0,66.66666666666666,STRONG_BULL,19.25,18.707703097802245,0.5422969021977551,2.200000000000001,False,False,False,False,14.106663654166208,0.7560434115304769,RUNNER_>=2R,True,True,True,False,,144,True,True,False,17.077141465969223,0.8947564214028203,0.15555555555555556,0.4222222222222222,0.28888888888888886,LOW,MID,LOW,False,True
2024,2024-12-04 14:00:00,100.0,83.33333333333334,STRONG_BULL,24.65,23.90710521486,0.7428947851400025,2.2,False,False,False,False,2.611406135573287,0.955720802194343,RUNNER_>=2R,True,True,True,True,2024-12-04 23:30:00,37,True,True,False,17.117610873198352,2.0571112222106613,0.16666666666666666,0.9111111111111111,0.5388888888888889,LOW,HIGH,MID,False,True
2024,2024-12-04 18:00:00,100.0,83.33333333333334,BULL,24.66,23.939073337508724,0.7209266624912765,2.200000000000002,False,False,False,False,0.8461332223336666,0.99871462308236,MIDDLE_0.5-2R,True,False,False,True,2024-12-04 23:30:00,21,True,False,False,17.95372531462678,2.4023161297534124,0.2222222222222222,0.9555555555555556,0.5888888888888889,LOW,HIGH,MID,False,False
2024,2024-12-08 18:00:00,95.0,100.0,STRONG_BULL,25.98,25.523475256004968,0.4565247439950326,2.2,False,False,False,False,0.1533323240870421,0.9418985622489686,FALSE_<0.5R,False,False,False,True,2024-12-08 18:45:00,2,True,True,False,31.599064528544233,2.0359853478353562,0.7666666666666667,0.8888888888888888,0.8277777777777777,HIGH,HIGH,HIGH,False,True
2024,2024-12-08 20:00:00,95.0,100.0,STRONG_BULL,25.94,25.42035183476739,0.5196481652326099,2.200000000000001,False,False,False,False,2.732618134741925,0.6735326388448443,RUNNER_>=2R,True,True,True,True,2024-12-09 08:45:00,50,True,False,False,28.935385669424395,2.0010314139316865,0.6555555555555556,0.8777777777777778,0.7666666666666666,MID,HIGH,HIGH,False,False
2024,2024-12-13 11:00:00,95.0,100.0,BULL,28.64,27.91365466844563,0.72634533155437,2.2,False,False,False,False,0.3441888990530208,0.6333075742575596,FALSE_<0.5R,False,False,False,True,2024-12-13 14:30:00,13,True,True,False,31.891874006233483,4.462621295995484,0.7888888888888889,1.0,0.8944444444444444,HIGH,HIGH,HIGH,False,True
2024,2024-12-25 10:00:00,95.0,83.33333333333334,BULL,25.04,24.51199751831734,0.528002481682659,2.2,False,False,False,False,1.0416617706932725,0.5113612328857868,MIDDLE_0.5-2R,True,True,False,True,2024-12-25 12:00:00,7,True,True,False,21.167434213626922,1.7772728749739786,0.34444444444444444,0.8222222222222222,0.5833333333333333,MID,HIGH,MID,False,True
