window,decision_time,signal_score,relative_strength,market_state,entry_price,stop_price,risk_per_unit,reward_risk,current_near_high,previous_near_high,fresh_zone,actual_cross,mfe_r,mae_r,mfe_class,reached_0_5r,reached_1r,reached_2r,stopped_before_horizon,stop_time,bars_before_stop_or_horizon,current_policy,current_12h_selected,fresh_12h_selected,adx14,ema50_slope_12h,adx_rank,slope_rank,hotness_rank,adx_regime,slope_regime,hotness_regime,current_fresh,current_stale,causal_history_count,causal_adx_rank,causal_slope_rank,causal_hotness_rank,v3jc_stale_hot_reject,v3jc_gate_keep,v3jc_12h_selected,baseline_stale_hot_removed,volume_ratio,momentum_24h,momentum_72h,ema20_distance_atr,ema50_distance_atr,ema200_distance_atr,outcome_class
2022,2022-02-06 01:00:00,95.0,83.33333333333334,BULL,17.86,17.60856928291369,0.2514307170863077,2.1999999999999944,False,False,False,False,1.2329440236754752,0.8352201450704805,MIDDLE_0.5-2R,True,True,False,True,2022-02-06 14:45:00,54,True,True,False,32.18496252626095,1.6817529740914994,0.7111111111111111,0.6444444444444445,0.6777777777777778,HIGH,MID,HIGH,False,True,53,0.8518518518518519,0.6111111111111112,0.7314814814814815,True,False,False,True,0.5010976879232708,1.5927189988623525,13.037974683544284,0.37512862267045677,1.9989892355428438,3.863838891607152,MIDDLE_0.5-2R
2022,2022-02-16 05:00:00,100.0,100.0,STRONG_BULL,17.02,16.73178594205157,0.28821405794843,2.200000000000005,False,False,False,False,1.0755894497535816,0.9021072804384844,MIDDLE_0.5-2R,True,True,False,True,2022-02-16 14:00:00,35,True,True,False,41.578641857776965,1.7649760725282349,0.9111111111111112,0.6666666666666666,0.7888888888888889,HIGH,MID,HIGH,False,True,54,0.9636363636363636,0.6545454545454545,0.8090909090909091,True,False,False,True,0.8804739149564843,4.097859327217113,7.178841309823669,0.7239179147631241,2.291774479921146,1.1871120309578211,MIDDLE_0.5-2R
2022,2022-02-16 20:00:00,100.0,100.0,STRONG_BULL,17.26,16.752862456920603,0.5071375430793985,2.200000000000003,True,False,True,True,0.374651813088606,0.374651813088613,FALSE_<0.5R,False,False,False,True,2022-02-17 04:15:00,32,True,True,True,28.942630041734887,0.6369084012180171,0.5555555555555556,0.2,0.3777777777777777,MID,LOW,MID,True,False,55,0.7321428571428571,0.2142857142857142,0.4732142857142857,False,True,True,False,3.0823285277017725,2.009456264775422,10.287539936102252,1.6017316261067083,2.375487262615544,2.0199035400645196,FALSE_<0.5R
2022,2022-03-01 11:00:00,100.0,66.66666666666666,BULL,15.11,14.809291113604228,0.3007088863957712,2.200000000000001,False,False,False,False,2.5273612932068223,0.7648593387336394,RUNNER_>=2R,True,True,True,False,,144,True,True,False,34.942903455096975,2.430244562247741,0.8222222222222222,0.8666666666666667,0.8444444444444444,HIGH,HIGH,HIGH,False,True,56,0.912280701754386,0.8771929824561403,0.894736842105263,True,False,False,True,1.210690530190156,9.731299927378355,5.222841225626751,1.0160988398215676,2.335893305107989,2.974942637240893,RUNNER_>=2R
2022,2022-03-01 23:00:00,95.0,66.66666666666666,STRONG_BULL,15.28,14.984474002910275,0.2955259970897224,2.199999999999999,False,False,False,False,0.4398936177534746,0.7105973825248362,FALSE_<0.5R,False,False,False,True,2022-03-02 00:45:00,6,True,True,False,30.578746768027752,1.9257234580994265,0.6,0.7555555555555555,0.6777777777777778,MID,HIGH,HIGH,False,True,57,0.7758620689655172,0.7068965517241379,0.7413793103448276,True,False,False,True,0.36736015695298824,2.550335570469797,3.9455782312925125,0.5461414667523141,1.7385768899447527,2.963795574476432,FALSE_<0.5R
2022,2022-03-02 15:00:00,100.0,66.66666666666666,BULL,15.64,15.190857462105727,0.4491425378942733,2.2,False,False,False,False,0.3117050561640508,0.9128505216233,FALSE_<0.5R,False,False,False,True,2022-03-02 19:30:00,17,True,True,False,18.07029050189948,1.63866791635654,0.1777777777777777,0.5555555555555556,0.3666666666666667,LOW,MID,MID,False,True,58,0.2203389830508474,0.576271186440678,0.3983050847457627,False,True,True,False,1.7753573079576686,2.2222222222222143,8.989547038327528,0.7617854748109794,1.6976221901274593,3.2695502473574636,FALSE_<0.5R
2022,2022-03-10 00:00:00,95.0,83.33333333333334,BULL,14.01,13.757234545358562,0.2527654546414375,2.200000000000001,False,False,False,False,0.3956236826027332,0.949496838246564,FALSE_<0.5R,False,False,False,True,2022-03-10 02:00:00,7,True,True,False,38.44626301122388,1.6707110760391997,0.8888888888888888,0.6222222222222222,0.7555555555555555,HIGH,MID,HIGH,False,True,59,0.9333333333333332,0.5833333333333334,0.7583333333333333,True,False,False,True,0.5308445166444042,7.110091743119273,5.180180180180183,0.5694676464582056,1.6572776047203586,0.7347798065566805,FALSE_<0.5R
2022,2022-03-18 09:00:00,100.0,83.33333333333334,BULL,14.58,14.306228020108945,0.2737719798910554,2.2,True,False,True,True,2.9951933003746785,0.328740728089903,RUNNER_>=2R,True,True,True,False,,144,True,True,True,19.54465823166257,0.3214237295268596,0.2666666666666666,0.1111111111111111,0.1888888888888888,LOW,LOW,LOW,True,False,60,0.3278688524590163,0.1639344262295081,0.2459016393442623,False,True,True,False,1.672938568333411,0.20618556701030855,12.586872586872587,0.8893738058274046,1.5831836894364522,4.407552220973162,RUNNER_>=2R
2022,2022-03-21 22:00:00,95.0,83.33333333333334,BULL,14.97,14.794803074965216,0.1751969250347844,2.200000000000002,False,False,False,False,5.079997835711408,0.3424717642052667,RUNNER_>=2R,True,True,True,False,,144,True,True,False,18.147256518220303,0.4908222677321383,0.2,0.1555555555555555,0.1777777777777777,LOW,LOW,LOW,False,True,61,0.2258064516129032,0.2096774193548387,0.2177419354838709,False,True,True,False,0.3550590326540727,2.393980848153232,0.06684491978610207,0.5939174838419823,0.8372718066552559,3.433249337521941,RUNNER_>=2R
2022,2022-03-23 15:00:00,100.0,83.33333333333334,BULL,15.68,15.31308618073786,0.366913819262141,2.200000000000002,True,True,False,True,2.071331086761332,0.4088153460713156,RUNNER_>=2R,True,True,True,False,,144,True,True,False,15.812683993617682,0.2501294691853672,0.1111111111111111,0.0888888888888888,0.1,LOW,LOW,LOW,False,True,62,0.1269841269841269,0.1269841269841269,0.1269841269841269,False,True,True,False,2.125405314060763,0.3841229193341844,6.884798909338796,1.3910331575562374,1.9192405048135386,5.071034624328298,RUNNER_>=2R
2022,2022-03-27 00:00:00,100.0,66.66666666666666,STRONG_BULL,15.83,15.703743304092011,0.1262566959079887,2.200000000000012,True,False,True,False,2.69292648247172,0.3168148802907963,RUNNER_>=2R,True,True,True,True,2022-03-27 13:00:00,51,True,True,True,14.18820283311679,-0.2793373236510854,0.0666666666666666,0.0222222222222222,0.0444444444444444,LOW,LOW,LOW,True,False,63,0.078125,0.03125,0.0546875,False,True,True,False,1.1019038929868699,1.5394483643361045,0.0,0.5322498858563832,0.24417909945411465,3.198213274571803,RUNNER_>=2R
2022,2022-03-30 04:00:00,100.0,100.0,STRONG_BULL,17.35,16.804234247003865,0.5457657529961359,2.199999999999999,True,False,True,True,1.282601548662866,0.8794982047973957,MIDDLE_0.5-2R,True,True,False,False,,144,True,True,True,18.532790845378013,0.1686588342380002,0.2444444444444444,0.0666666666666666,0.1555555555555555,LOW,LOW,LOW,True,False,64,0.3230769230769231,0.123076923076923,0.2230769230769231,False,True,True,False,1.7967969807059643,2.8452874925904093,8.302122347066177,1.3242569947588456,1.681955459522121,4.303270694505914,MIDDLE_0.5-2R
2022,2022-03-31 01:00:00,100.0,83.33333333333334,STRONG_BULL,17.35,17.046171045620767,0.3038289543792345,2.2000000000000046,False,False,False,False,2.3039278841287465,0.954484409139062,RUNNER_>=2R,True,True,True,True,2022-03-31 16:15:00,60,True,True,False,9.24766131550216,0.4957490178314705,0.0222222222222222,0.1777777777777777,0.1,LOW,LOW,LOW,False,True,65,0.0303030303030303,0.2575757575757575,0.1439393939393939,False,True,True,False,0.7965520474599517,2.7235050325636445,3.458556946929048,0.5159754752878404,0.9946652240713939,3.847690613130979,RUNNER_>=2R
2022,2022-04-03 05:00:00,99.0,100.0,BULL,17.68,17.301791715405653,0.3782082845943471,2.199999999999998,True,False,True,False,1.6921892673145489,0.9782969201662254,MIDDLE_0.5-2R,True,True,False,True,2022-04-04 11:15:00,120,True,True,True,17.20772470828312,0.3876341444475351,0.1333333333333333,0.1333333333333333,0.1333333333333333,LOW,LOW,LOW,True,False,66,0.2238805970149253,0.2238805970149253,0.2238805970149253,False,True,True,False,0.6902680994515558,1.5508328546812056,2.314814814814814,0.8022159272789839,1.2152229616259669,3.1873701674648207,MIDDLE_0.5-2R
2022,2022-05-05 13:00:00,95.0,100.0,BULL,11.99,11.81996215000718,0.1700378499928216,2.200000000000002,False,False,False,False,0.0,0.7645356607689927,FALSE_<0.5R,False,False,False,True,2022-05-05 14:00:00,3,True,True,False,32.88005642238221,1.85750171161716,0.7777777777777778,0.7333333333333333,0.7555555555555555,HIGH,HIGH,HIGH,False,True,67,0.8529411764705882,0.7058823529411765,0.7794117647058824,True,False,False,True,0.47963359501122543,5.452946350043986,9.698078682525168,0.580197093522622,2.1528411104339837,0.8325513458001758,FALSE_<0.5R
2022,2022-05-31 11:00:00,95.0,66.66666666666666,BULL,7.41,7.30927597636708,0.1007240236329201,2.200000000000002,False,False,False,False,0.8935306270924699,0.6949682655163694,MIDDLE_0.5-2R,True,False,False,True,2022-05-31 13:45:00,10,True,True,False,44.756451382282464,2.8806021853027275,0.9333333333333332,0.9777777777777776,0.9555555555555556,HIGH,HIGH,HIGH,False,True,68,0.9855072463768116,0.9565217391304348,0.9710144927536232,True,False,False,True,0.5223895414673699,3.6363636363636376,15.781249999999991,0.28576030961531956,2.373792849383647,4.111099666427679,MIDDLE_0.5-2R
2022,2022-05-31 21:00:00,95.0,83.33333333333334,BULL,7.53,7.322581992184356,0.2074180078156446,2.1999999999999984,False,False,False,False,1.1570837196224248,0.867812789716824,MIDDLE_0.5-2R,True,True,False,True,2022-06-01 14:45:00,70,True,False,False,32.394522401394845,1.6485226249645768,0.7555555555555555,0.5777777777777777,0.6666666666666666,HIGH,MID,MID,False,False,69,0.8285714285714286,0.6,0.7142857142857143,True,False,False,False,0.447349114757695,2.309782608695654,16.024653312788907,0.7754586596064637,1.9899223240858743,3.670238405008781,MIDDLE_0.5-2R
2022,2022-06-01 13:00:00,100.0,100.0,BULL,7.58,7.439867174509164,0.140132825490836,2.199999999999999,False,False,False,False,0.5708869404423138,0.713608675552889,MIDDLE_0.5-2R,True,False,False,True,2022-06-01 14:30:00,5,True,True,False,18.329815984744123,1.3382787544113262,0.2222222222222222,0.4222222222222222,0.3222222222222222,LOW,MID,LOW,False,True,70,0.2816901408450704,0.4647887323943662,0.3732394366197183,False,True,True,False,1.0542711224919648,2.849389416553594,13.303437967115084,0.31927187383171485,1.259345662374697,3.4432055831127375,MIDDLE_0.5-2R
2022,2022-06-06 16:00:00,100.0,66.66666666666666,BULL,7.9,7.771146327532496,0.1288536724675042,2.199999999999996,False,False,False,False,0.07760741163603,0.9312889396323808,FALSE_<0.5R,False,False,False,True,2022-06-06 17:30:00,5,True,True,False,45.05248466447163,3.0166568456534204,0.9555555555555556,1.0,0.977777777777778,HIGH,HIGH,HIGH,False,True,71,0.9861111111111112,0.9722222222222222,0.9791666666666669,True,False,False,True,1.5209898925808805,4.497354497354511,15.49707602339183,0.23344506017810704,2.028557966729857,4.63651773977621,FALSE_<0.5R
2022,2022-06-07 00:00:00,99.0,66.66666666666666,BULL,7.97,7.774437924039311,0.195562075960689,2.2000000000000046,True,False,True,False,0.0511346586544255,0.4090772692353771,FALSE_<0.5R,False,False,False,True,2022-06-07 00:30:00,1,True,False,True,28.62212742641755,1.5942365414441717,0.5111111111111111,0.5333333333333333,0.5222222222222221,MID,MID,MID,False,False,72,0.684931506849315,0.5753424657534246,0.6301369863013698,False,True,True,False,0.6649134830016562,4.3193717277487,16.35036496350366,0.8309854411630211,2.2331106500996385,5.202113803416495,FALSE_<0.5R
2022,2022-07-09 17:00:00,95.0,83.33333333333334,BULL,6.48,6.411742832351287,0.0682571676487135,2.200000000000005,False,False,False,False,1.6115523656960962,0.7325238025891488,MIDDLE_0.5-2R,True,True,False,True,2022-07-10 01:00:00,31,True,True,False,14.57528142643068,-0.0040067165382517,0.0888888888888888,0.0444444444444444,0.0666666666666666,LOW,LOW,LOW,False,True,73,0.1351351351351351,0.0675675675675675,0.1013513513513513,False,True,True,False,0.5575034053055243,1.2499999999999956,2.857142857142869,0.44158356894697065,0.33788227921087055,1.103124366684629,MIDDLE_0.5-2R
2022,2022-07-17 12:00:00,95.0,66.66666666666666,BULL,6.535,6.458159240755209,0.0768407592447912,2.199999999999996,False,False,False,False,0.1952088988633525,0.8198773752260944,FALSE_<0.5R,False,False,False,True,2022-07-17 13:00:00,3,True,True,False,31.680547303062795,1.4545003032603754,0.6888888888888889,0.4666666666666667,0.5777777777777777,HIGH,MID,MID,False,True,74,0.7733333333333333,0.52,0.6466666666666667,False,True,True,False,0.41458859784231933,5.641771742644686,8.4107498341075,0.33399553224337064,1.5505472231431146,2.8354481706156407,FALSE_<0.5R
2022,2022-07-19 03:00:00,95.0,66.66666666666666,STRONG_BULL,6.877,6.752703523559736,0.1242964764402643,2.2,False,False,False,False,0.699939390814606,0.6194865872726925,MIDDLE_0.5-2R,True,False,False,True,2022-07-19 04:15:00,4,True,True,False,31.35398211430382,1.844494556074383,0.6666666666666666,0.7111111111111111,0.6888888888888889,MID,HIGH,HIGH,False,True,75,0.75,0.6973684210526315,0.7236842105263157,True,False,False,True,0.7141471419410715,4.9923664122137446,10.367517252447445,0.12508212948167505,1.2353090764705148,3.2190890610730523,MIDDLE_0.5-2R
2022,2022-07-19 09:00:00,95.0,66.66666666666666,BULL,6.913,6.768492325625477,0.1445076743745232,2.2,False,False,False,False,4.622591865043319,0.5674439115771727,RUNNER_>=2R,True,True,True,False,,144,True,False,False,27.54474468558347,1.373671851644653,0.4888888888888889,0.4444444444444444,0.4666666666666667,MID,MID,MID,False,False,76,0.5974025974025974,0.4545454545454545,0.525974025974026,False,True,True,False,0.6053712477878385,1.4231220657277,11.806566391719242,0.4232243031336485,1.3081175787612374,3.3893914718441125,RUNNER_>=2R
2022,2022-07-20 10:00:00,95.0,66.66666666666666,STRONG_BULL,7.379,7.230541115066444,0.1484588849335555,2.2,False,False,False,False,0.7880969876095026,0.9834372665896276,MIDDLE_0.5-2R,True,False,False,True,2022-07-20 14:15:00,16,True,True,False,36.20570689986241,2.5466067745571364,0.8444444444444444,0.9111111111111112,0.8777777777777778,HIGH,HIGH,HIGH,False,True,77,0.8974358974358975,0.8974358974358975,0.8974358974358975,True,False,False,True,0.4494364326453524,6.895552658264514,12.863260936066068,0.5899038302718711,2.165183914280388,5.607352146455746,MIDDLE_0.5-2R
2022,2022-07-22 15:00:00,100.0,83.33333333333334,STRONG_BULL,7.146,7.011644532782864,0.1343554672171363,2.199999999999999,False,False,False,False,0.0744294237303976,0.3423753491598383,FALSE_<0.5R,False,False,False,True,2022-07-22 15:30:00,1,True,True,False,21.560979801332063,0.7557953750576774,0.3111111111111111,0.2888888888888888,0.3,LOW,LOW,LOW,False,True,78,0.4430379746835443,0.2784810126582278,0.360759493670886,False,True,True,False,1.5832006509097325,4.9493317667792525,0.0,0.6688075532618942,1.1467258893328334,3.518010463787816,FALSE_<0.5R
2022,2022-07-30 09:00:00,95.0,83.33333333333334,BULL,7.859,7.692673055894731,0.1663269441052692,2.199999999999999,False,False,False,False,2.110301502189873,0.9499362887350428,RUNNER_>=2R,True,True,True,False,,144,True,True,False,36.9627660805571,2.743687124104444,0.8666666666666667,0.9333333333333332,0.9,HIGH,HIGH,HIGH,False,True,79,0.9,0.925,0.9125,True,False,False,True,0.6263990429146243,3.21775676385605,24.56807734981772,0.3554257789146949,1.99234017168756,5.115118697671316,RUNNER_>=2R
2022,2022-07-30 13:00:00,100.0,83.33333333333334,STRONG_BULL,7.937,7.711337943427007,0.2256620565729932,2.199999999999997,True,False,True,False,1.2097736063647693,0.5362000233338363,MIDDLE_0.5-2R,True,True,False,True,2022-07-30 22:15:00,36,True,False,True,31.3038775686106,2.1092796651929424,0.6444444444444445,0.8,0.7222222222222223,MID,HIGH,HIGH,False,False,80,0.7283950617283951,0.7654320987654321,0.7469135802469136,False,True,True,False,1.0644044910640267,6.766209308582183,25.426675094816687,0.7414052601186564,2.222549958163455,5.4967465728829135,MIDDLE_0.5-2R
2022,2022-08-08 23:00:00,100.0,83.33333333333334,STRONG_BULL,8.575,8.460796796478464,0.1142032035215354,2.2000000000000064,False,False,False,False,3.309889638329805,0.8230942486851842,RUNNER_>=2R,True,True,True,True,2022-08-09 09:30:00,41,True,True,False,52.9955374916325,2.444385242412128,1.0,0.8888888888888888,0.9444444444444444,HIGH,HIGH,HIGH,False,True,81,1.0,0.8658536585365854,0.9329268292682926,True,False,False,True,1.6788637105893511,3.851277703766498,9.5986707566462,0.3654507942426493,2.2129259763020115,6.096215565783106,RUNNER_>=2R
2022,2022-08-09 08:00:00,95.0,66.66666666666666,STRONG_BULL,8.622,8.498015139226538,0.1239848607734614,2.200000000000006,False,False,False,False,0.072589507653234,0.7742880816344678,FALSE_<0.5R,False,False,False,True,2022-08-09 09:00:00,3,True,False,False,45.99076564172441,1.811155618635452,0.9777777777777776,0.6888888888888889,0.8333333333333333,HIGH,HIGH,HIGH,False,False,82,0.9759036144578314,0.6626506024096386,0.8192771084337349,True,False,False,False,0.6875059558310065,1.9751626256652832,8.45283018867924,0.10116677694809596,1.56961063875777,5.417941855286652,FALSE_<0.5R
2022,2022-08-11 01:00:00,100.0,66.66666666666666,STRONG_BULL,9.107,8.94430783952226,0.1626921604777393,2.199999999999998,False,False,False,False,0.7375893199010053,0.596218033586638,MIDDLE_0.5-2R,True,False,False,True,2022-08-11 08:00:00,27,True,True,False,25.891402072456177,2.8445467168374483,0.4222222222222222,0.9555555555555556,0.6888888888888889,MID,HIGH,HIGH,False,True,83,0.5238095238095238,0.9404761904761904,0.7321428571428572,True,False,False,True,1.1727710936547702,7.406533789361958,10.214207914800921,1.209962563937377,2.6298333470345394,6.5757985662797775,MIDDLE_0.5-2R
2022,2022-09-11 07:00:00,100.0,100.0,BULL,7.911,7.819870946065341,0.0911290539346589,2.200000000000002,False,False,False,False,2.875043563909472,0.7900883076392339,RUNNER_>=2R,True,True,True,True,2022-09-11 22:00:00,59,True,True,False,24.2731090995294,1.1196276123766058,0.4,0.4,0.4,MID,MID,MID,False,True,84,0.4941176470588235,0.3764705882352941,0.4352941176470588,False,True,True,False,1.1265269417172643,1.3321378250288118,11.35979729729728,0.44886727361267315,1.483342884485682,5.5385506238748325,RUNNER_>=2R
2022,2022-09-11 20:00:00,95.0,66.66666666666666,STRONG_BULL,7.968,7.861120150798792,0.1068798492012081,2.199999999999993,False,False,False,False,0.9917678663678506,0.6081595406972713,MIDDLE_0.5-2R,True,False,False,True,2022-09-11 22:00:00,7,True,True,False,17.764858566555702,0.8823575566872188,0.1555555555555555,0.3333333333333333,0.2444444444444444,LOW,LOW,LOW,False,True,85,0.2093023255813953,0.2906976744186046,0.25,False,True,True,False,0.6173517087299646,0.40322580645162365,6.282513005202084,0.5012858257202332,1.4182917339100198,5.867401047054191,MIDDLE_0.5-2R
2022,2022-09-12 08:00:00,100.0,66.66666666666666,BULL,8.044,7.880736356030807,0.1632636439691932,2.199999999999998,False,False,False,False,0.6063811733779557,0.7656327946691399,MIDDLE_0.5-2R,True,False,False,True,2022-09-12 14:45:00,26,True,True,False,21.026886486179933,0.7142275739623116,0.2888888888888888,0.2222222222222222,0.2555555555555555,LOW,LOW,LOW,False,True,86,0.4137931034482758,0.2528735632183908,0.3333333333333333,False,True,True,False,0.8015696463602633,1.322584708401564,2.3409669211196027,0.5953780906664377,1.1571562714618346,4.252948293043216,MIDDLE_0.5-2R
2022,2022-10-05 14:00:00,100.0,66.66666666666666,BULL,7.777,7.631741035317446,0.1452589646825544,2.200000000000001,True,False,True,False,1.142786611227555,0.9156061403208756,MIDDLE_0.5-2R,True,True,False,True,2022-10-06 22:15:00,128,True,True,True,26.408181055696023,0.7325510883297914,0.4666666666666667,0.2444444444444444,0.3555555555555555,MID,LOW,MID,True,False,87,0.5454545454545454,0.2613636363636363,0.4034090909090909,False,True,True,False,2.046191909824683,-0.15406342277570761,6.098226466575718,0.946557313024068,1.875830221767549,2.236223487872342,MIDDLE_0.5-2R
2022,2022-10-05 15:00:00,100.0,66.66666666666666,BULL,7.813,7.640120729527055,0.1728792704729445,2.199999999999996,True,True,False,True,0.7519698552889533,0.9775608118756378,MIDDLE_0.5-2R,True,False,False,True,2022-10-06 22:15:00,124,True,False,False,26.374314999708982,0.7462354199369248,0.4444444444444444,0.2666666666666666,0.3555555555555555,MID,LOW,MID,False,False,88,0.5393258426966292,0.2696629213483146,0.4044943820224719,False,True,False,False,2.278186173940997,1.1915554979924803,6.91023535851123,1.1511285507981304,2.0687157202329978,2.469944499249859,MIDDLE_0.5-2R
2022,2022-10-05 23:00:00,95.0,83.33333333333334,BULL,7.895,7.745526103616719,0.1494738963832809,2.2,False,False,False,False,0.2943657793410008,0.9366183888122628,FALSE_<0.5R,False,False,False,True,2022-10-06 14:15:00,60,True,False,False,28.77159054940807,1.1095979793035229,0.5333333333333333,0.3777777777777777,0.4555555555555555,MID,MID,MID,False,False,89,0.6666666666666666,0.4,0.5333333333333333,False,True,False,False,0.5222430400373606,1.949896694214881,9.59189339255968,1.2064060769027303,2.3450334867609337,3.228655479933003,FALSE_<0.5R
2022,2022-10-18 04:00:00,95.0,83.33333333333334,BULL,7.298,7.218626613439955,0.0793733865600447,2.2000000000000046,False,False,False,False,0.2897696696184247,0.8189142837042598,FALSE_<0.5R,False,False,False,True,2022-10-18 08:15:00,16,True,True,False,29.15823175020521,0.899419198838225,0.5777777777777777,0.3555555555555555,0.4666666666666667,MID,MID,MID,False,True,90,0.6923076923076923,0.3186813186813186,0.5054945054945055,False,True,True,False,0.3326418087625627,2.629728589509206,5.829466357308588,0.6153102974281514,1.7658147578556473,1.7273611299413223,FALSE_<0.5R
2022,2022-10-30 17:00:00,100.0,100.0,BULL,7.616,7.509722436416704,0.1062775635832959,2.200000000000001,False,False,False,False,6.746485107724976,0.2634610641789349,RUNNER_>=2R,True,True,True,False,,144,True,True,False,23.235949269030595,1.58754074733789,0.3555555555555555,0.5111111111111111,0.4333333333333333,MID,MID,MID,False,True,91,0.4565217391304347,0.5760869565217391,0.5163043478260869,False,True,True,False,1.0870339655028376,3.8734315330059887,7.4795371154388945,0.2969161485880948,1.6149482372638329,3.9890409131405162,RUNNER_>=2R
2022,2022-10-30 18:00:00,100.0,100.0,BULL,7.693,7.519265465212112,0.1737345347878873,2.200000000000001,True,False,True,False,3.683781124929348,0.2302363203080842,RUNNER_>=2R,True,True,True,False,,144,True,False,True,22.50886746158844,1.509744749117936,0.3333333333333333,0.4888888888888889,0.4111111111111111,LOW,MID,MID,False,False,92,0.4516129032258064,0.5483870967741935,0.5,False,True,False,False,1.0974412417278856,3.833175867188543,8.550867786087203,0.8777578196224823,2.1819363327516617,4.568211717983132,RUNNER_>=2R
2022,2022-10-31 03:00:00,100.0,100.0,BULL,7.79,7.677006308883384,0.1129936911166158,2.2000000000000046,False,False,False,False,4.805578033906279,0.7965046465038017,RUNNER_>=2R,True,True,True,True,2022-11-01 14:00:00,139,True,False,False,23.41624207601772,1.6602384207269782,0.3777777777777777,0.6,0.4888888888888889,MID,MID,MID,False,False,93,0.4680851063829787,0.6170212765957447,0.5425531914893618,False,True,False,False,0.7598482563882533,0.34780368414273344,13.457617244392672,0.7273396222435778,2.0346874017926413,4.703947111935738,RUNNER_>=2R
2022,2022-11-04 13:00:00,100.0,83.33333333333334,STRONG_BULL,8.293,8.072939439320443,0.2200605606795562,2.200000000000001,False,False,False,False,3.249105599804208,0.5225834181503201,RUNNER_>=2R,True,True,True,False,,144,True,True,False,33.94925029052828,2.055497528186345,0.8,0.7777777777777778,0.788888888888889,HIGH,HIGH,HIGH,False,True,94,0.8526315789473684,0.7473684210526316,0.8,True,False,False,True,2.41567441243512,6.157194060419857,6.60753310194111,1.4332678978670157,2.380525036053055,4.25074720697226,RUNNER_>=2R
2022,2022-11-05 14:00:00,100.0,83.33333333333334,STRONG_BULL,8.668,8.53544554572155,0.1325544542784484,2.2,False,False,False,False,2.5649835899575586,0.9505527421607386,RUNNER_>=2R,True,True,True,True,2022-11-06 13:00:00,91,True,True,False,32.2466076958602,2.354086683831791,0.7333333333333333,0.8444444444444444,0.7888888888888889,HIGH,HIGH,HIGH,False,True,95,0.7916666666666666,0.8125,0.8020833333333333,True,False,False,True,0.9352310722915365,4.446318833594409,11.185223191380178,0.3380414627579537,2.135912116386862,6.073750657254964,RUNNER_>=2R
2022,2022-11-05 16:00:00,100.0,83.33333333333334,STRONG_BULL,8.845,8.553155793775211,0.2918442062247894,2.2,True,False,True,True,0.5585171695149216,0.8737538541491213,MIDDLE_0.5-2R,True,False,False,True,2022-11-06 02:00:00,39,True,False,True,31.24465041140233,2.200302487873107,0.6222222222222222,0.8222222222222222,0.7222222222222222,MID,HIGH,HIGH,False,False,96,0.7216494845360825,0.7938144329896907,0.7577319587628866,False,True,True,False,1.7062188207819033,7.459603936338244,15.03446481987256,1.377929078200429,3.0228689073793347,6.768483456939086,MIDDLE_0.5-2R
2022,2022-12-01 12:00:00,95.0,83.33333333333334,BULL,7.549,7.473452687758592,0.0755473122414081,2.199999999999996,False,False,False,False,1.5222249023568424,0.1058939062509115,MIDDLE_0.5-2R,True,True,False,True,2022-12-01 14:00:00,7,True,True,False,13.132624004401606,0.8802617459047424,0.0444444444444444,0.3111111111111111,0.1777777777777777,LOW,LOW,LOW,False,True,97,0.0612244897959183,0.2755102040816326,0.1683673469387755,False,True,True,False,0.4077905660556592,1.301663982823409,11.096394407652689,0.13450289723355194,1.1812919534255388,5.800650102562299,MIDDLE_0.5-2R
